customerid,customer_fname,customer_lname,user_name,password,address,city,state,pincode
6746,treBcEq,oBhniTB,YiKLQNLgGH,MMCfNOEm,739 cFXCzV St.,New York,AZ,34849
3989,qbYJKxZ,PtSwnDT,DZxizRkdkY,4otuFZIz,277 VZLwHy St.,New York,TX,31423
5271,eHGPdXy,JxDXwDG,NaboKUXNwG,x61wRL6G,852 HHsrVM St.,Chicago,TX,87056
10766,TMsBefA,YsntZdN,UeGLyijAmX,ckoK9HN3,681 IaOXWB St.,Los Angeles,CA,86552
11427,RVhCsra,eDDRFpA,ftrVvkHLZV,BX5SNYg3,480 PzrghY St.,Phoenix,IL,88604
5271,hUcPNeg,HZsPhuY,BCrSelCIGR,9nSJmUQb,231 rJVmSp St.,Phoenix,AZ,13878
10766,WbcwXNa,EDAUqtq,xmwbovjZqI,ESEMd0he,134 lUYOah St.,Phoenix,TX,77224
5884,NyzBCEB,nqyfoIw,dFwThdjbjI,Au55XIOx,223 bdkfqH St.,New York,IL,41561
6746,dYzXQkG,OgdjQno,egIquNgHpX,e9I4eZ2T,178 cKmrJq St.,New York,CA,77026
5917,RwbqegC,bdBHhUV,uNCsxMiFgD,hP7CFJns,359 eFNleT St.,New York,NY,39812
5884,QfpqTfG,sdCchNp,WqHEpweWaF,rePzdo6k,460 qecTBw St.,New York,IL,83319
5917,ikRrZhp,hyxfcPt,PxsdnewHCK,8TVjiJT5,7 BICsUs St.,New York,NY,61540
3833,hSdMoGL,naUVJlj,cLWVfufQdB,QrcgNrtR,20 PfRTtK St.,New York,AZ,50734
6451,zuiTlnN,dZBiLkk,WmFLVppMFd,7brhM4rz,474 lAfJhI St.,New York,NY,64206
4694,raoclzG,cVBbYVw,wEsyTccNPu,hjptuqkN,196 nVzECU St.,New York,IL,38777
6451,hVahgSv,QhxjBYg,uhUjhtSWKn,SJUPXgu0,119 klcKhr St.,Los Angeles,IL,53743
6451,agTqyBp,rxlahNp,YxohxIPgwL,n0AiRgWr,669 ZNLpgq St.,New York,AZ,52057
3833,NsksTtS,EPeWjnA,RDBRmUOyJM,BeFxzxSO,893 KnteaB St.,Los Angeles,AZ,83110
4253,xWtZOje,pwBOcyt,ShYGfcrmmC,TJBRaskO,809 yuiVtP St.,Los Angeles,TX,98637
4694,gvPTScJ,BxDPXlP,khYXFkflHe,dHP81EGO,824 mNqyjP St.,New York,TX,73704
10766,VHbUmkB,SFiKgLr,emVJNIJaPQ,SsRnkiiq,526 jjFJpq St.,New York,AZ,11417
8038,fatbnIm,zeRVneA,uITFWPZjMd,Q27jnJ7K,476 QyAqvk St.,Phoenix,TX,26321
11427,xmMbZBK,OkSQqII,ZhnMeRaYdW,blInRTMI,316 NyNKji St.,New York,AZ,57968
6460,NrDDMti,mJVNryz,zeQqDwLVXR,W8AaMeDq,722 LhZfEz St.,Phoenix,AZ,16638
4694,pcrYhBf,vcaHqfq,aoYkFoTraN,3CVLyaKP,478 rzZMss St.,New York,CA,41738
6746,DQvcNeG,XjibnAm,mEiOIwwIxg,NIQORsMI,828 foNBRF St.,Los Angeles,CA,90546
4694,MJVzTBT,IMZeyDn,FNjDCaZKjV,NCYDEKid,304 GvQLZv St.,Houston,CA,84076
11427,yTZfsJT,fZqoEUx,JFUEAKsIvr,xN7FvC3S,659 UGYfGz St.,New York,IL,65992
4694,kvTYCUW,SlLknCm,nEijkRdWcm,5A9Ke9gX,633 eUaBpb St.,Los Angeles,TX,33494
3989,AeFefHQ,pynZTZB,lihzzLoKeY,YGoaTPx4,504 ROMKTe St.,Phoenix,AZ,95692
5271,HFUeyQC,NQZoZqJ,vgNIwTybPc,HLYrFvLR,60 VMchqG St.,New York,AZ,23492
6451,zMxnBJN,qRKJYtC,tcLloPXSVR,T44nzSSW,542 cHAdgi St.,Los Angeles,NY,99996
5917,zIVooeZ,WjOgtxR,xrqSDeYuWo,2tOyXRJ6,412 KYWTFy St.,New York,NY,71710
12844,RUXjqLB,xcLMzvt,zJfOnlycfa,HxeKT1TU,492 UkDHtg St.,Chicago,TX,17449
6460,AlUvuLt,WeXYYas,LfTzQErCbF,UvldGpgu,969 OjkKdD St.,Los Angeles,TX,52773
9381,aarRlum,lRdLnhz,HWBLWyQlFz,9WON0eS6,970 UUfJzi St.,Chicago,AZ,61502
8038,zTNPZJA,BPNjrUH,MWjUfeqclF,cP2fr2xJ,245 xEbGyl St.,Houston,TX,32631
12844,sBhtMZf,GyrSKAh,EySTuWmqBW,Qmp02fyL,208 tAwKtd St.,Los Angeles,IL,98935
11144,ntNKzAm,bQtrkDe,PLIPirVAHZ,HcE3cez6,378 oNuFDf St.,Chicago,IL,78847
7018,ODSIdZZ,TzEatYg,BElsTaehwX,rPTpFEVT,76 NcBTkq St.,Houston,AZ,32248
3660,QIZrCSv,XwLzNZg,MyLinbtJmU,xegls0if,636 UUqYZN St.,New York,CA,37044
4253,ZAWIntw,hrHsZRX,RRHkWvUKbW,2T9NWnai,336 mruKlT St.,New York,AZ,67152
5917,gOOowTx,UoBZgqg,xoEEymySul,9803jflB,143 WytNJh St.,Phoenix,TX,17369
4253,AEjuNBO,KIFgFOn,OTFIDQhHKT,0tzFQoyM,989 ZvMpDg St.,New York,IL,62065
6460,XxxTMCC,GgvqIlI,ommNTeIhys,7lDbhUrP,871 awICLL St.,Chicago,NY,24196
9381,DQWuXRz,MHQTXmp,NuUvIzrBwF,DtXMYwp8,642 Mghxxz St.,Los Angeles,CA,66317
6746,HtWHaND,WRVZNki,NkEbhPwMXy,0ILkSikR,412 POcQNu St.,New York,AZ,45273
4253,RkOZvZK,ZSJzwss,NiFCtSWEgf,2kAu5KbA,301 EbBsPh St.,Los Angeles,TX,48937
3660,QpULFzw,jCxEIAv,JSaqtgrxAp,ulB5Vb5J,863 xoHNlo St.,Los Angeles,IL,22011
4694,HLEHJOW,TZZhSFU,bWqfxzVTip,aXoZMDr4,319 bWzXhd St.,Chicago,NY,35185
4694,aOJGWhX,MwEfkNL,ksxEnARYdQ,fNR3E2x4,533 OxxmHN St.,Los Angeles,NY,83404
4694,iFStspw,ngqfMyD,wXSYaTEkBr,TheRsDBQ,905 hvNntJ St.,New York,IL,49677
4253,BCuTkHL,OgDXuUx,yXbniTiFfH,0oDyy1E2,865 hNJbEB St.,Chicago,AZ,17125
10771,GbtgGUJ,GcljIDK,tkbhsNfJuF,nAFUdzBg,615 LGeyEo St.,Los Angeles,CA,33578
12844,OtecMGH,kYIHRuh,uPVLTtZPQc,XvuqeLFc,747 zUThrz St.,Houston,TX,51738
10771,WQzCrTo,ruNGKXw,VUtlvVuwdq,F5ghaF14,824 UzXDPj St.,Phoenix,IL,98063
9381,NhqcYoQ,CGivBYT,LYXDofjDJJ,FGptItSH,783 hoZvnm St.,Houston,CA,60097
6746,fIbxbia,KlathVQ,kDhXgvfZpe,meahAbp7,949 kTDgPn St.,Houston,CA,99780
10766,GUNjJpT,OKPFxCM,FDFqBPySvc,s3ofHiaN,183 fXPihk St.,Houston,TX,30048
5271,qZMRWRy,EfaWBom,kJBFjxwfdp,PQL57MAa,169 naDHUX St.,Chicago,AZ,43578
3833,BUmLdMS,feKuOVV,dJhxFFAVfJ,RG2HUnHZ,758 lJUxfy St.,Phoenix,TX,11524
3660,WXVGaSB,PcHhFiB,JzdcrOHydG,kewm6t9F,803 YSCVdU St.,New York,TX,90755
10771,UdsEeAn,WEfHUGK,hFLBTekskv,R7nfuZ3k,273 yEjhDx St.,Phoenix,AZ,35840
11427,nHdYRqI,RWWUwdq,LNiCyrGqHZ,dSfhWYgj,672 WrRWjX St.,Phoenix,IL,69478
5917,FcrqkAT,bHYNRGr,UOPIvgySTU,QYQULoQF,642 gmueKD St.,New York,CA,72763
9381,DmxPWpS,yHqEloQ,hAmlJqGAjT,s8CSECML,757 qsiCoZ St.,Houston,TX,88886
5917,aJciEZC,QzflXnC,csFfmGBqVL,25lXhNH6,692 OqLpjE St.,Chicago,IL,33691
6460,oswEWrf,FIavQIm,hDxUNCGQTm,mKJUtA8Z,775 tnLyOh St.,New York,CA,67872
12844,WGveIWD,DJoOKuk,BVNzCkjvqK,luxcgvqV,421 AMFGOR St.,Houston,TX,60586
8038,VNrRVJI,ohUOoxo,VfHRcKLJAl,9VTMVh6F,674 ETgpQY St.,Phoenix,CA,31742
9381,eHuReST,uYMNfHk,thoYfrrwxT,0FYQ6stI,737 HNTVKg St.,Chicago,AZ,62170
4595,AXMrVtd,NnGCVBT,lUCwooGCcr,9ioYbtlQ,487 EIiqrs St.,Phoenix,TX,38397
10766,CIjYNJS,cDQSrqT,dnHvZHyblI,9Twx0yus,251 vEPEKD St.,Chicago,TX,89679
11144,EXSRmlZ,iRJIdgM,KByPCQZZzl,UpCQsv8M,403 LRzcdB St.,Los Angeles,CA,83327
7018,LVrxyAQ,OHUFGeR,FpoIdpfojv,RaTX96Wd,168 rGcxDC St.,Los Angeles,CA,49688
11427,oEUkMvk,tGLQkNA,YVqxeOgDyw,dMVLIH9J,766 DgCzgM St.,New York,AZ,14821
9381,QlshsFS,wHdQtWF,gVusUzWCQu,jAkEM3am,77 cmnGfv St.,Phoenix,NY,96928
12844,FJjucQJ,rbwlrGq,OIJGmrXPZp,ePOhYSFB,109 PvqbCR St.,Phoenix,IL,54391
3989,NdxjLAi,ejfgqeR,YwOzNXpjxB,lBXDgfbV,85 NgIbXU St.,Los Angeles,IL,41304
9381,mbULcSU,YhqLRkd,NhHImHEsGw,aBR05TsH,831 WTiNGd St.,New York,TX,94762
10771,xmfHodh,nVZYHrQ,vmBKMlUcVC,CMl8FRN5,355 McPlnc St.,Chicago,TX,79502
3833,RUHVHiE,lIMCRza,HGCJyoOmtZ,bCMfQnxi,900 SpsyvH St.,Houston,IL,54361
6746,oWnDATA,OfvDvqR,qJrxOSMXuj,zaRhDoIP,154 BTHJBU St.,Chicago,TX,37098
5884,mjfAejd,kmbrLjE,KDuEOmUZNm,UByum8uu,320 rHZVAd St.,Houston,NY,97042
10766,kwLrfrk,NzUGkTh,ZxXPRovVSM,92cmvY3R,118 SxfOuO St.,Chicago,AZ,61293
5271,DscqQwO,TKNiPBF,JagbmIqClf,z4EHQ2UX,273 xRYHdB St.,Los Angeles,IL,21376
12844,AmpTbQL,cbfpQrd,SfzuVUvEui,Dybs1yOJ,430 MxEMLS St.,Phoenix,NY,18972
3660,WvpJILI,JEZadLu,DDoicfCyxG,E26FtRfh,14 BqQjXd St.,Phoenix,CA,21744
12844,KLVjRVV,pGJjvhx,pNAKGsRBLO,Ym1wx58Y,760 mamYVv St.,Chicago,IL,85143
5917,ZaPcnKf,eCDlnGK,uDnfKvvAMd,KIHX41s6,929 lLgwCa St.,Chicago,TX,48854
11144,DOcugcy,zUxrzXe,IESspZVUXo,y1PZcGLt,884 KHLPKS St.,Chicago,CA,88808
5271,hoHeuas,IWZEWic,xcbywYgxyV,cCrdIzqJ,88 YkIStx St.,New York,NY,39331
6451,QVEWuzq,qwWwVEw,qbkvIsWzXH,spsR8bMP,285 rtcwas St.,Phoenix,TX,38071
5917,pzYrbzK,YulwuXX,duuoNlfXaX,amThsiGh,330 ZtFIok St.,New York,TX,53501
4595,GYXJdjT,TOistse,PWXoLmjdCE,qrkPLzqX,307 upOYmt St.,Los Angeles,CA,20103
3989,fqfBcVo,dDFtoll,joSiaxHusR,X51N57Y9,780 UBpuRS St.,Chicago,AZ,46758
7018,cXqRNUZ,cmMBBcp,mwwtDUSqPK,ABr3v2hn,727 TaNkwk St.,Los Angeles,AZ,27831
6451,kLZkhrd,ybZGgAi,KbTIJHBCqp,gpEPzSa6,864 uAEOWP St.,Phoenix,IL,48900
10771,fYXGCJr,FpOOzgb,KmlPISYyhC,ApaDtqA1,388 rfihqp St.,Houston,AZ,81739
6460,KNWekWY,rIuEhbV,OPJriPivih,tCR5C7Hd,919 zwlarN St.,Chicago,TX,93974
12844,SDvHLng,ExFATYP,INhljfkqQF,OcpHVPaR,974 vPudGL St.,Chicago,AZ,48581
4595,gVGPgho,TBRYwWv,AsMwWRGNWg,D2mQk2g7,907 DVumbJ St.,Chicago,TX,51084
10771,LluifOf,vekGFcZ,TSNFaqozrq,7uGJqDg9,131 pYBtTf St.,Houston,TX,45834
6451,sbRNAPs,Xvhchpe,nyKNbYFPpW,uwqFI776,725 pssUaz St.,Los Angeles,TX,70634
5884,tvyfsSC,BTSjEPb,dozMhdIxtI,4MOSg2jJ,456 IdBMui St.,Chicago,IL,30415
7018,UgoloqE,RicnSJg,yGDHNiEynd,4VEJe7Zf,517 CEyLjn St.,Los Angeles,CA,58185
10766,YrCxvsY,VCSerYb,TjBZCaEXiP,ByiB9krk,288 GpNFEo St.,Chicago,NY,86616
4595,VmNcjne,prWaQjK,DuUiWHdHmY,ip7mO8hC,631 ZYkTRG St.,Houston,TX,63950
10766,HMZgLpN,Rejnfsl,xMlZxrjmrv,45x2pxzF,596 qhtrmx St.,Chicago,TX,59335
3989,hxlDsxx,UqbEwwm,yNMFSghTNu,Y51oxnGm,408 dLQrUU St.,Houston,TX,96610
6746,vtPbLRy,ylffGGN,eXSwKLflBg,ERu3FqiH,642 fupZIS St.,Phoenix,TX,89270
6746,tJEGprV,gkToNec,YBSytStXJM,ginIGQdz,118 roUstb St.,New York,IL,22367
4253,RxJsasY,rZIvvEz,xbNmKJgmCP,0GbZeAa8,738 fKzBAS St.,Los Angeles,TX,74689
10766,TLWkrKt,TVfuIsu,ZcFZJDPWCQ,AKGiGfMe,265 moBCXj St.,Houston,CA,94149
5271,yIXUucP,BRTtNwm,ARvCqaBMYA,LRkoBeps,455 hlBkBx St.,Houston,IL,70566
5271,jLFTTTi,aaOPRHA,whpbMIjihO,mCCZ4JJw,12 joTpNk St.,Los Angeles,IL,81140
12844,EioiwXj,cFWJXyI,ydzIcNacww,wpzac9T9,857 ktdqtU St.,Houston,CA,17793
5271,WKJwWrP,XGgFBVe,YygaWDjnQH,7PdZVUNO,839 NOMPlj St.,Phoenix,TX,65119
4694,ALSQirW,EBwDdeP,GZtdiyBERt,1y4Yna8E,257 qbVekI St.,Houston,CA,57879
5884,QgdUlPJ,xInzlvF,JowtTnWfGO,MCi5AV6P,701 HITLBh St.,Chicago,NY,37537
7018,EjbzIRG,nxGjHKc,rHebQAHWCA,fZjF4f1A,915 sGiIZR St.,Los Angeles,CA,86506
10771,IkYXEsx,roqNgWO,vPnUICkEYB,E2pKzKBX,560 ckeBKC St.,Chicago,AZ,74948
5271,pcBrQXW,DADCeXg,LhIYKVWGKy,NII5ZB7E,649 GdZUCs St.,New York,AZ,24395
3833,pRoGcZs,swaPpWt,ycRljgDmPP,pji26Hex,548 lbsvFO St.,Chicago,AZ,69250
10766,CxYfZhv,wYnatko,RKSEstMBrr,4Hgf8nLO,16 HcOxZu St.,Houston,NY,62749
6460,MHxryGM,UUoyINg,DOnOsVdFUn,oixS6f9X,78 eAqBUF St.,Chicago,CA,41114
6746,QWqcrAy,vXdjwsU,JsyPwvgyBt,kSeEJlyG,98 NloKZo St.,New York,CA,68894
3833,NqeYAsQ,VvLDqMK,GsTGBVskVL,LKhFcuCm,134 aKUaXr St.,New York,IL,38483
3833,TtqWCMs,YUQrpeQ,FjsakoCPrU,vigyX8c3,748 dBIGBI St.,Chicago,TX,21065
6746,wZkyUYX,iSIKFHM,qaXmqyaaRa,6ROROKeO,350 pgRrHV St.,Chicago,AZ,63905
9381,AaIbedp,OIWHivj,nkUsrBzEqu,bxvGvrkX,821 TRFkda St.,Chicago,IL,91742
11144,LcnEXAL,mEufaWZ,JpotXgzwMp,BAaHYyiD,379 BwxASw St.,Phoenix,AZ,84498
5884,cicWKVB,sjwZmoQ,FNITvNzGeO,Ijrgcot5,286 yXWONw St.,Houston,CA,84935
4253,wZILriH,OATXPto,DVgXrAyFGr,ier3bd3w,58 KhtTCy St.,Chicago,AZ,83803
3833,IgvHGxs,BiuKDbI,jMVxAmljsp,76ecMFRy,4 mCroQc St.,Los Angeles,TX,80753
9381,mhjjoFI,vKrUeDu,mrMZSpfiHT,QWX3M7us,886 CgRnhS St.,Phoenix,IL,11485
8038,ZyzLVvM,WZkUoUy,ZCedButuYU,Bg6FEeR4,152 mVUimy St.,Los Angeles,TX,42582
12844,KzSduvr,dJJqrtl,hQqPXkxwLz,wpqRwxOd,611 fWCbla St.,Houston,NY,87152
11427,seMZNFF,ZzUjNaP,DFnLQukeZf,VQatcZdk,761 XQqsVQ St.,Chicago,TX,22447
6451,dvcydYq,lFTtdrg,OtpbOZKwnc,VcS5uhkh,246 mKDZbD St.,Houston,NY,45097
10771,VSEuMST,eQNqbsO,cQpQolMjlV,cNtBobrA,362 DEeMHO St.,Phoenix,TX,50580
11144,xbzEWbp,ifoziQw,tuAxGEdmXE,k58r5KxF,263 KXXnCO St.,Los Angeles,TX,22405
4253,HoSuasj,hHmSbbI,AdKEKKcupJ,qxJ8njAw,269 luFjxI St.,Houston,CA,20905
5271,lvQDPhh,eyKFVyo,flHwDVnQwN,CguIC9wI,881 MOqWqc St.,Phoenix,AZ,25759
4253,brXNhSW,tZcDvcV,wtlMVXZcct,Jdzq9kcg,850 QzxJqw St.,Phoenix,NY,35872
3660,WlXNnxf,RwEkobP,syqFRQnGEJ,wmT8Jdo0,592 puRAgp St.,Chicago,NY,57671
11144,iolFFCz,FnMSoPS,QTrJwLsSrb,nqbkiyFY,526 HhKzzh St.,New York,NY,48575
12844,NcSfbpV,yjuwqzw,gjPwwNHWSJ,dsGoGSVo,734 VcXGGm St.,Chicago,IL,59025
11427,IySVJRF,vwHqFcC,qXRLMVeViJ,RL6NZNuy,135 WSUADA St.,New York,TX,80438
6460,yimEPGK,XngAAca,HVJoPebzIt,t1BwVVAf,918 wwPtGI St.,Phoenix,IL,97977
12844,ebZKgsO,BgmjidD,ceriviScwD,dbULxIIG,121 QqfHPb St.,Houston,IL,10571
12844,nDigAGE,aqQdLLi,quFxCAERtF,3WGB2ONa,742 YtCbXN St.,Chicago,NY,23308
6460,KtwNcLT,dJaLvFW,TjpHvBYzvx,nbic527m,449 pxEora St.,New York,AZ,24450
6746,gDJmvXr,QqNzqRL,wMcyGVSFUE,NhSmcLWb,33 WPWFVX St.,Chicago,AZ,92859
7018,dCDKDkU,BRBQWzh,ldkBsFQVXk,0xdmcfHm,859 qOjecH St.,Houston,IL,93043
5884,XyRPDbL,volxaXn,qZiApOTyaS,QQAICWOd,140 hRYPhb St.,Houston,IL,39694
9381,CCDUguo,mgiiWkI,FejimSthFU,WPeA7dTL,178 ALWDsO St.,Houston,AZ,15578
5884,gFJBWjm,SJDhJbm,nVICKZalEW,eJvpXuUT,84 ZslZzA St.,Chicago,AZ,26680
4694,lyMnbJB,CQAyCCd,NzeuPaSgAG,0X4ifKb7,418 RoyVos St.,Los Angeles,NY,62688
5917,gWmnCpI,WrkXtLU,hoRpvEhUsh,cQgSo3AE,781 SGCrqB St.,Phoenix,CA,26140
12844,EBGigVD,SHOWgmi,nyIsZyptuh,DpeqthH9,831 YAUiUs St.,New York,IL,92864
11144,wouHqzy,pKFmWEc,mrfiJvrbde,xpEFWXsr,245 SUVhHe St.,Houston,TX,57294
4595,gpWjRSN,FQTklXu,gDTgjBuery,Dbnx9sCy,830 gSlhNS St.,Houston,AZ,32853
3989,wOBnMmw,dMYURIA,xBBzpliJjH,3xR38Vwe,863 EHUgKI St.,Los Angeles,TX,31091
3989,nLpodKT,WILPaCQ,RvegKEyWcZ,sQaYvQmz,135 XKSisc St.,New York,CA,25300
9381,dulQeLy,FRxHtyf,UpSDCiZmrC,P2g5hv8j,103 eMIcVh St.,Chicago,IL,57547
10771,iTPZwLT,rERNgTB,ArZmxehsRn,HrU9vd1K,733 FAooSd St.,Los Angeles,IL,82209
6451,SwolXuE,AbEaeoO,yfdsKLyGxh,ZIQRzYDA,371 vItokE St.,Houston,CA,98316
9381,EcfgIHK,dWToSLS,dyajkEdKWm,lngt1DbO,735 wifUeI St.,Houston,IL,16063
11144,buHkqru,wAXJZMp,gLfIjMHsvh,JTwKvjBU,126 hxpcIQ St.,Phoenix,AZ,16554
6460,szMlPDu,YfYbkUH,BPHKNZxTwB,dBeelE0X,902 dsClUo St.,Chicago,NY,37315
5884,XclUZrn,QKIgQuJ,MdbIRpiDad,FM8Wumy4,354 IssGqG St.,New York,NY,83900
5917,MXRfWPW,LodrYYP,SCrLfrJvbj,zt9LB2JW,261 FHflLy St.,Houston,TX,82641
11144,IiaWSDd,usZRGDs,TKQuupKYMk,Tt3K7RvZ,343 mumPNg St.,Los Angeles,AZ,46409
4694,EJiLgmu,pouVEwY,caVdynlAPm,UGBmDoV5,893 xHQrUF St.,Los Angeles,CA,83246
3833,YsDCZpm,rLQPtmB,PsfjSIZrKN,RvRkuxfO,927 EWWsaD St.,Los Angeles,CA,68008
8038,lTOvNGW,FaspMWe,LXPvRsSODF,2a8JWWCo,979 eZIRtC St.,New York,NY,17781
11427,pCeWpZO,tUSsYcK,OIqDjfoPgt,2SGW03zF,669 AgjBrO St.,Los Angeles,CA,76325
3660,xbAuZnb,QJCBPFH,kxJhkWujCY,LGwJ8LUi,792 JpNSME St.,Los Angeles,NY,96098
6451,taMlRMq,KKZYRyJ,JwVvdNBNvR,Y9XyarQo,561 NzQOZl St.,Los Angeles,AZ,16196
4253,rFKuBEb,XlAfZlq,qGZGCYmEaP,dbkaaOL9,739 hINyeM St.,Los Angeles,NY,81769
12844,RdbYXAB,cFeryOt,GvctjPMmsW,zuYLhhFv,540 dsYoyZ St.,New York,IL,60625
10766,kUPHCvv,ZnsEwhg,rPeikvkFdp,tzHf1v9v,658 QxZaVc St.,Houston,NY,29695
10771,EdvckAf,qIbsJwO,JKITcCJdOG,cacacvrz,353 Tqjvnv St.,Phoenix,IL,19797
8038,LxnRogh,YPqZDIu,LYYXEWSdDf,EauRR7I1,341 PKSTVO St.,Chicago,NY,57922
3989,AVUVQKL,DhvMvdN,DeGzumEkat,8JVnhIdm,251 SeiqHl St.,Los Angeles,IL,25871
3989,VFtKwlB,BhHuxTr,XpqKOtFVti,EPBPgd1T,665 QLtSqa St.,Houston,IL,18975
4595,vcxIfoC,XiLnnQJ,sQFRedrJpV,BVaXZwZm,200 oRsBTI St.,Phoenix,IL,78973
3833,gRXModB,YwAyMhW,YdQNptZnqi,uSQQTeNP,613 ERJdea St.,New York,IL,91615
7018,RScIZiv,lTIjvdj,ETWFBYCWsk,845od185,406 jnzRyn St.,Los Angeles,NY,30673
3660,dLywhdu,dYHkMlC,WlFVQAKAHE,o9DNIJ6K,27 TqZWDQ St.,Houston,AZ,95905
5917,OrLXexD,EfVxkSI,NtrCPzKSNL,h3lTD4UH,900 sHLqjA St.,Chicago,AZ,44263
5917,KJTSGNe,RaiAyDY,qxHoKfjkCf,aGv24sxf,616 JUHHRS St.,Phoenix,CA,25998
9381,FeMlCTP,wCHgfOj,HUdMgyBiim,h96MQxT9,172 roEBSz St.,Chicago,NY,90329
11144,wfYQuOa,GQyGbHv,sIbzVQDlIP,qVZWyMjU,279 nbIPsg St.,Phoenix,NY,28286
11144,zDdVJPg,CIGbkYd,beDaozIYOM,0hXswIn2,537 tbbvIs St.,Los Angeles,IL,62530
3989,rOXwxAw,EIdzTLH,npIgEyPBuj,vhC8VNxI,911 zenFcF St.,Houston,TX,98581
11144,zXHglZu,jWlYlQE,ZAEnSliZAk,enmKZhrd,596 vKMkCn St.,Phoenix,AZ,24452
4694,glRhRXU,hFtLCCV,mzSDaSMrXn,sDoNUF1j,394 tOwfKE St.,Los Angeles,TX,95339
6451,ZSaXFzO,AKcWjRh,xywaWzPIDC,AmwxvBuM,574 ULIsGU St.,Houston,CA,59694
10766,ngiPSnV,fnvQzmF,oBlPyZOlXR,udC0qTRM,585 zqRsLH St.,Chicago,IL,95387
6460,mzyjuEO,fEkNazY,FZGPhASBuO,pI2uZPO1,948 Wgcxkj St.,Phoenix,TX,84420
11144,wodjiRD,tKfMdNw,JDNFzfljDe,Q8Demtvx,475 gASlSw St.,Phoenix,IL,41179
9381,RNYglBt,RyyHRYA,TIVqkEYnJt,e7W7El0A,868 lggnWw St.,Chicago,CA,98651
6460,ZLMaNJU,hWfvgMm,OBLvwrkoxJ,kQ9IonT1,424 yyzxbv St.,Chicago,AZ,91488
8038,amvMzpV,SAjUOhJ,izFMeONwSD,A3d5ZPuN,774 sshrpS St.,Houston,TX,95321
5917,nOlkJsY,lZApepD,xrNEZnasJm,mr6sLmXm,615 EzQbgx St.,Houston,AZ,96923
4595,npvIbTf,gXYLCda,xudPnjMPzn,D4keQOHv,759 NRHpkq St.,Phoenix,NY,21883
11427,mgmcQzW,eBuhVGI,LxTlJkXTBc,3cy4kwye,380 sHhcpm St.,New York,CA,39493
10766,rLkHbll,hwhQzNW,mZkkcnyvoN,kai2c4x1,687 ZyxwWh St.,Phoenix,CA,14231
12844,mXgexwi,FSOnPZe,GmOlxAyBvi,Tdm4d3A6,858 bQxYmD St.,Houston,AZ,87482
9381,qdsqHnM,wyBchDx,GCjHomzjeq,hoehAHZY,965 OOruuT St.,New York,TX,96316
5271,YcNkZdb,AOXrJVX,arVpfVUesA,4qtSYxSZ,439 bEmVHq St.,Los Angeles,AZ,76946
11427,EAqXsEc,NycPNVY,tFEVfshMtS,6t1ioa3X,847 ODxOzM St.,New York,AZ,86080
6746,KSGQUYI,fHwZVRk,FBkajTkOBW,LwGqgEPQ,609 BHJrwm St.,Phoenix,TX,97612
5884,OGqbLtV,MPoincs,TqOOZFmVtF,SnGjPoqf,202 wVsCQX St.,Houston,IL,17106
10771,oEBFrlk,uENxGCn,ZPAwKnlekM,xGXo1LJB,68 WsMoiI St.,Houston,CA,70172
9381,ixOsBdf,ialRibP,bwqFVRRsbQ,h9Zh52D9,771 lGnPdj St.,Chicago,NY,58317
3833,WAPaJjd,XdXWvmT,IcOWLckinB,mNRN65lq,959 FgDuUv St.,Houston,TX,68865
8038,IKHHDRk,iYfywHb,fHMUCWPjAf,OZE8M9Ek,451 IKwuai St.,New York,CA,52422
5271,yMpivec,ePSfNSs,OUUdEYSxOi,axtWrtRf,836 zGnwkB St.,Los Angeles,AZ,20024
6451,pCdAnrr,FVRwIuo,vXVEzyLMCa,8EjTm9Km,198 JNrGwc St.,Houston,AZ,67325
11144,kTojzyC,csYeGTK,IaOwjgMmXd,pw0YuVcP,481 vWyInU St.,New York,TX,17935
6451,bfgvNdX,fHQAsJd,NwRlLlEOkW,ikyHMWIf,762 TgAABH St.,New York,IL,99449
10766,IjKxudt,YhkRhRn,jPxqYLzVQv,FO4Wh4sj,741 CcLUVi St.,Phoenix,NY,15788
11427,QpAPonz,mfKVMEv,lcfIQXfuNP,fgYNN5X8,341 AwRZyN St.,Phoenix,IL,99846
5884,pvgQmKt,WjurnJd,pUrJyCZTSh,meCWyQOt,773 bcvXPD St.,Phoenix,TX,97958
8038,VpHCEls,WmFokdb,DLRTIeoVFQ,LGZTC4Qp,971 ooUago St.,Houston,TX,93679
4694,EmwEtgG,tFSAlCO,OPIMnmDmuO,wkJiO5WF,463 LaWtYl St.,Phoenix,TX,49790
3833,PwWielY,jYdydOn,KmQsLVoNKm,4wHWeUzo,929 SAkNbi St.,Chicago,CA,47939
6746,MvDEhrB,MPmJXED,JFmYxkthnl,ZfSmwfiP,349 jXwcWB St.,Los Angeles,AZ,62090
10771,JKjYrxg,LwhBGXg,FSZXPEsXAK,2uv914cv,834 JxbMmy St.,Phoenix,TX,49572
6451,GbGtOcw,vVTPSET,NLKNkDITpV,a9EG5nt2,595 vFwrcN St.,New York,TX,99862
5917,aHsOFqf,MNhlrXt,hYkhDdbRSb,P4VDwwK4,544 bFtCRX St.,Chicago,IL,94349
6746,exiyhpH,XiTFaWf,EFlGpxASOe,n8uuJUX3,879 JWxWfq St.,Los Angeles,TX,63851
4595,yqVtZnq,ddDFzHa,amLWVqceRM,MdhxXEBW,338 pZiFXj St.,Chicago,NY,60747
7018,aheXDqS,oKoLAlQ,zpZDeXTfOm,d1i9B6Bi,436 kIHlRR St.,New York,AZ,73777
3989,JwljJqU,AGegCLs,JLFnJyyhPI,Ah7Aw6dZ,449 NTWdrp St.,Phoenix,CA,97090
6746,DnIosmQ,RYGEeSh,bJbmiocOTy,9v2JWYDR,926 GyMROl St.,Phoenix,TX,43158
6451,aXWvfTZ,XCvugGS,YlgGzQdqtC,H00mZZvo,819 qgONPs St.,Los Angeles,AZ,58981
6451,kZupQCZ,LdefuDC,VeEuRCUVoI,KH0RiQHB,174 CkSUaG St.,Chicago,IL,98358
10771,nLSaWsS,tplZfsR,GzxkbtASWu,K8LuC6pu,994 wmhAwY St.,Los Angeles,NY,16404
9381,qTQWASZ,JSixjRG,lwagRyFnjh,jO9qufiD,499 JbApjG St.,New York,IL,16089
11144,WXMFNDj,ILJFmOw,Oroxdjxydg,lNx1xZuR,16 fPopzV St.,Los Angeles,TX,32991
6460,mvdViDJ,IaZCNIi,GzxqWAeZes,5qsQkukE,661 OuzSka St.,New York,AZ,10691
3833,GBSvIfa,tWxYLud,aVSQnhMvKe,ZAfvCrdJ,36 PeForn St.,Chicago,CA,49100
10771,HAESKtw,XLKkcTe,BEQivnndTC,03lkhDlM,115 ysllcH St.,New York,CA,91835
5917,mANFrFA,ViLeUdN,jMezBlCPHy,OEpX3pig,829 xhvRKx St.,New York,CA,45790
5884,qiAfyHl,CzOqWAA,jNjfWIPQVo,n9ozHo6V,112 CQcUPz St.,New York,NY,27429
4253,siHPTjX,aRlSFeX,xqLejInpTA,IRDk0VTf,390 ahnrVx St.,Los Angeles,TX,46751
4253,UJhVudE,dJPcYLr,IdaEEMHsuV,oFbSqroo,890 aElDtu St.,Los Angeles,TX,22220
3833,ZmABBEl,QFEbHrj,BanTBoVFbm,Yc1PiEUw,731 IazjhA St.,Phoenix,TX,40570
3989,aTAEfdg,fpfeYlx,LvGteFmYay,vBR28z4L,156 vHirAP St.,Los Angeles,TX,93407
6451,MKtSAcm,ZZjoEPD,REqyXoXCvc,BpEU5fRy,28 qrTTSD St.,Phoenix,NY,42067
8038,LUqHbWs,SlfeRDk,CjDUUSgsca,0VWw4koK,247 oXcWXS St.,New York,TX,65117
10771,JPaqnWx,RJktSLa,BJCzSZKUIk,ynLxJgip,676 roYJvl St.,Phoenix,IL,41849
10771,QBaSYvt,EwwdXNn,KsSnFCKJtt,V81T0JlD,695 eHKMDF St.,Houston,CA,76135
5884,TXxTKtg,uRRZzMF,lVpRNANlIX,f4cQ7pWC,790 kyacik St.,Los Angeles,IL,98058
3989,DTXlLKM,RyYEVsb,voCZKGSRVD,iztcdOSQ,973 CTeUiT St.,Chicago,CA,25875
10766,bLCYqxr,aJJqcEg,wZaSJlScaP,BXKhxXMK,806 HFBXPy St.,Chicago,IL,39037
9381,TenJnoC,rSMsOZQ,uIplIQeCuA,nCz9K9zg,478 SbSzNi St.,New York,TX,57525
11144,VTGnPNa,BxdKchK,AdltoHwlxp,C6mBri77,806 jlfhYE St.,New York,IL,19073
9381,LbfKKmu,GPQMaaF,maukfPqFWG,WKS0xZJu,51 NOkXHm St.,Houston,AZ,31448
11427,VVXnFZC,rommTNY,lwOtIWslbN,eSga3c6q,485 VtAyhc St.,New York,AZ,70257
11427,AooJIbz,YXpcutT,eBdHaBZZKK,OA6HQc3R,924 cBpFyv St.,Los Angeles,AZ,62326
4595,iJDCyhc,HbPNkEV,lpZTurpkHw,lg35ueQH,977 XDyqWF St.,Houston,NY,60812
6460,LwzTQva,BqhATyL,loJXQwOJhu,DuqfPi8F,816 lQpBMB St.,Los Angeles,AZ,39802
4253,OLeqROR,lHDIvog,YMGqZxxWVK,tODtR2RC,980 FNaEMt St.,New York,NY,43859
4694,rpUxeNx,NEgVtHD,alTFSzsCZp,CyIhnllB,879 CylNDq St.,New York,AZ,93061
3833,vLGKShF,bzUdIam,sJtUkNPxmd,vf5yNBOb,923 cbnOdE St.,Chicago,TX,31354
7018,AARZFdS,iQNacXh,vTsYctmpBf,hMkcIkL4,897 qkZXdN St.,Chicago,AZ,47838
3989,QTBLntv,cGKChZA,wracBnfsul,WiMnzmLR,789 jDuYFu St.,Phoenix,IL,99094
5884,dpwNDrC,OQkJREO,eanoBUezLb,BZtDNMkN,391 RTSVNX St.,Houston,NY,70263
3989,IkHwGOm,yqKbWVX,MSFrlkmtsQ,86sltNO8,757 zOeMBe St.,Houston,CA,73090
10771,yWzIXgs,fJYvWPK,ldAeIBxnlc,S0T633rz,831 sjHRRJ St.,Houston,IL,89732
5271,zQRULVI,AwfzQwW,fJDtOIwMno,SufL7m9z,872 zSCiTe St.,Phoenix,AZ,62222
11144,KHwabPB,xAQiECM,qwhotglJcb,an6FhnL7,46 UtkRbZ St.,Los Angeles,AZ,85032
6460,mfrmSdd,UoahAVD,VrTzMWbgYQ,wQRKKhBY,30 KAhllE St.,Houston,NY,49505
6460,UDKCLgl,ddLZJVw,zFodOgajri,QYunUtfW,655 nWfUph St.,New York,CA,97262
3833,kIvEbzE,EqwYuqD,sBdBLGBZRP,PIxBdMBF,377 ZgOZQR St.,Los Angeles,AZ,80306
3833,WzzkhFT,rhCkOiX,SgTFTnjogC,v9egQ3ba,420 TEXCuP St.,Los Angeles,NY,14322
6460,HNZPpzD,nLpoFIa,gquYksKyYv,qsT7niN3,721 gVGOom St.,Houston,AZ,50800
3989,sxQqfjW,uZnKUdd,uoSgUvhBwR,pJU7XiCt,314 tKhEVm St.,Los Angeles,IL,63407
6451,LKWWrEe,EkHEmpn,bmkOdXTpRD,q8XZSrfR,552 LbkWtG St.,Houston,TX,49817
11144,xHJLtqR,DodYcaW,oDBzJgFziI,U4GosnKK,25 VINBnK St.,Phoenix,IL,68101
10766,pTmzqav,fTOkZey,MocwnkMtTF,qvRGo2QV,86 iVbZei St.,New York,CA,97207
3989,oFRjjPT,ofRIanI,wztvbqbpZD,PJcHU4DZ,348 MOwXSI St.,Houston,TX,63937
9381,OtCzFfn,sZCJLpA,SChAoUPdPD,XeyjvOub,828 VoCgQc St.,New York,CA,52796
3833,wDPIsbJ,wPGBgsx,bASqAXVGLx,pYou2YtS,480 BPXbVk St.,Phoenix,AZ,98893
11427,NKzfDmp,xlWAkYJ,MQhNBfMoDs,MBu1lf5S,283 jRHkED St.,Los Angeles,IL,68491
6460,RUrOVhn,nPkMGuH,ZlrRScwetB,VhJjgIue,569 ZZkkyi St.,New York,AZ,95166
6451,aoSxHfg,wrgEuKP,RHuwgLueCs,4ZSosw4q,484 tKvTQq St.,New York,AZ,69713
4253,yBZBXQV,IpTpNcD,ftNRCOJUUb,0LwBycY4,528 ixgziz St.,Houston,TX,85906
4694,CkFJApq,NvAbhdg,AZAcnewwQS,3JF18FoM,48 tHYDBM St.,Phoenix,CA,39552
11144,iKNkEre,SPAkiba,XZfZUtZJto,ujqGfB2k,104 AQAban St.,New York,AZ,56928
5884,OcyzUFz,ukMKkUB,lhUBClncKJ,Gts3H6Ko,872 beNuLl St.,Houston,CA,34648
3660,LkndOaW,NmvBpOD,iUHjWcPtcd,cGrv5lIH,568 sWwrgG St.,Houston,IL,50131
5884,yQlOlUA,RUZOEJs,aBqouOxxzZ,DLBTlok9,206 QbcNQQ St.,Phoenix,TX,10038
10771,QDlcIKJ,eLvOhaL,DFYhfDJUla,ToI9NmjX,704 XcYPwd St.,Los Angeles,IL,38773
4253,CCPaXoX,dSVEgMb,hhUanbXwlH,8aCTwOPb,237 BDODZn St.,New York,AZ,45022
3660,bNZOPPG,mMpshCH,mvjyqUMIyN,LNKqeyHR,939 Mxfetf St.,Houston,IL,16028
10771,CkAukAF,xGTIpZZ,uKknBRKXFp,l5edr52x,516 CuawJo St.,Chicago,AZ,20495
5884,LQIKBJo,ufAKuqk,AIcpaguFoY,DGs13Msc,869 DqDHQG St.,New York,CA,93655
11144,yWdlVCs,RwkebIk,mRJCvMhOcB,rfn6Wx7X,212 UKezgs St.,New York,TX,35944
7018,WBlRUER,FjRERqd,zCEHdSBfmP,ya4rK2dH,541 HlOgfh St.,Phoenix,NY,12626
5917,pNPCCHp,SXQXSwb,gazxpsoVLj,KbJQWn30,293 upSBZA St.,Houston,IL,94188
11427,qTfKgTq,IGgFJYm,JCIAbJLoJZ,Ho9NAilw,512 bsuZPG St.,Chicago,IL,44333
12844,GtVGGep,ZhInMYj,ZcQYljxzRw,CQRf765F,53 lhohTH St.,Los Angeles,CA,25446
8038,RvtJnoQ,WoXNESf,vtaRxFLWRT,GX4mAGjc,938 gkRDXY St.,New York,CA,22961
9381,QvIcKot,RsdamSl,YmIpBcoKSs,NuP9aWbx,807 MCJvDp St.,Chicago,CA,88547
10771,tWOQLfb,BrcrrnO,eXlBrFHDfd,L6Mvwrz5,763 VLLWul St.,Chicago,TX,78844
8038,ysjUqvf,NuwEzaL,tDSCjHKhaR,D40vrMti,688 LdmgaG St.,New York,IL,95626
10771,tMBUOsF,mlfsUHr,yMxTIWhuaO,1YMZdlGW,406 LxYerj St.,Los Angeles,NY,95003
6451,snMHxtE,wYgBEeg,WgrtNYWYSf,erxgYDAS,725 HIOYsG St.,Houston,IL,62037
12844,YXxudXE,OnFyess,fIrqsciBlv,I2BqEtxu,398 mgtzIh St.,Houston,CA,78738
8038,tqOgQRH,bGlRgDW,EvVExhCXJw,Lre8pWCj,301 iZtECu St.,New York,CA,95674
11427,AmuwZDL,birlNGZ,lcHlXvXHFJ,89Huf7Rp,696 MyNEzg St.,Chicago,AZ,57351
5271,rCogfvj,qCpWAwR,DdBjwhFksS,nZbj3I5X,775 fpitfj St.,Los Angeles,CA,46915
6451,RgauXiB,cjWRamZ,DVRCEIOiqC,pMY2VerT,886 DCqgla St.,Houston,CA,86910
11427,BfmYHdA,gtMyJmm,UfRxcdFoOz,FgcW2bit,177 iBDjMA St.,Chicago,IL,61377
10771,sVCnUng,mjMAFkq,hXUmPShetg,jB9BrlGM,674 PQZNNH St.,Los Angeles,CA,21386
10766,DVzAQNS,YgXmpFg,rAFUVvvkuH,BWBmV3rQ,70 INWgdc St.,Los Angeles,IL,31531
4253,LXDFtXN,DoGjMIb,YHYtdSCuzV,XWravQaE,633 FGkDxD St.,Phoenix,AZ,94902
8038,zkmypQQ,khDhTAZ,OOGOhCvDws,kXmIioIn,931 UewUnC St.,Houston,IL,12942
9381,DktywXW,IoLiLFr,LNktRWMfwZ,8D9PJ39B,428 xTtxbs St.,New York,TX,61405
11144,Vjtarae,yFrhSXE,UHJTXoVNRX,v0I4OeUw,446 DedoMo St.,Los Angeles,NY,42598
8038,SkJlCsK,XHFmUdI,jZLYqaumRL,zlT0AaGe,506 BjvfeM St.,Chicago,NY,34361
12844,UrUhDGJ,yhpoGVM,yPWtGYrZIH,yZ1eXd0h,621 RiitCd St.,Houston,TX,87034
3833,cOEwFgn,BpGERxt,bjzNuteDgL,NBc4k3DJ,173 zWhcpk St.,New York,CA,21147
7018,OQubHdG,IlCswHd,ZNkMGPsqgD,cMJsYSA4,180 RKUyFA St.,Chicago,NY,29213
9381,IiRVFsg,hXgfOaU,UqNyzIelJQ,zrHJ1g2r,370 FfRUlw St.,Chicago,AZ,69951
3833,dJMbREd,rZweyRV,JRrqXwyofm,mTXrCfI0,329 aUhmEH St.,Chicago,TX,57045
5917,eBMyXQW,xXxxisR,UiBwnWtYiU,LbccBYCM,538 oEgWtC St.,Chicago,TX,68585
12844,uwOIHZn,BgWKgXk,fnwFLrstzV,oDaY8BHg,503 sTgdeM St.,Los Angeles,TX,51368
3660,wullIzr,EYoJXRv,rLGysLvPBI,f0FdeOFH,533 dwGnKt St.,New York,IL,93264
10771,AFUCouH,UfqfyHS,MZwCIMQixG,vPasyzqi,976 mcTmyo St.,Phoenix,NY,71376
5884,sFDbFFF,zKGLFtq,UUYheQWwpX,bXpgWaiU,517 gLgvSv St.,Chicago,AZ,71823
3833,pchhndd,iFHvWcs,fCjdjQvCEC,EzI8WvPk,86 YSLriG St.,Chicago,NY,74162
6451,OQetGDX,pecqLRx,XrXSXtiOTj,emVPutCs,887 ZPwiUO St.,New York,NY,19297
5917,aSDtnmk,COWmtFX,LfTZneUeIa,pcCtAuTp,969 HuzJnH St.,Phoenix,AZ,86891
9381,JJmRShT,cRLnZJR,DBwFBzCVNd,i18hefMG,878 oiHVhh St.,Los Angeles,TX,43485
3989,KHTorOq,dPdqtqF,YOOsAGjtYl,nn8jnoUy,236 KJgPAC St.,New York,CA,92229
6451,FHswhZK,aBmamof,PufLjqgBjp,ohykGBP2,427 aCXbYl St.,New York,TX,43243
8038,JlOGDyQ,xMQhvbI,DcTAspWwZj,CfU9ZK2H,655 cxuyfp St.,Los Angeles,AZ,59199
4595,FVIRmNP,PLQiTqM,MMpkNPXiIr,HlXQvl5H,410 ExVWDW St.,Los Angeles,AZ,45977
9381,mPEoBVP,EnXmBmX,RupgvmzYxV,Buwz7cMV,458 oshEUa St.,Los Angeles,TX,57281
5884,XhdhSRZ,pPHGRBv,aZiAMUIBSZ,jKRowaSU,497 xEFohN St.,Chicago,TX,65336
10766,nWFNutV,bHQVedA,dwJRfMzmXx,Z2NsyOMh,640 bknRyS St.,Phoenix,AZ,29724
4253,FjGHzXS,bAxymIk,tGNUhpsVIz,mmFZ7jFE,489 OgDUrT St.,Chicago,IL,53159
10771,adsqILO,nPqAKuK,WMqVuDCxxS,icLqi67F,693 BXBkgX St.,Phoenix,NY,10413
6746,qbTqxSM,fhBIUCK,ALoLoIfbYT,DTaQh3J0,423 blVEqU St.,Los Angeles,CA,26643
4694,aeXSLgw,dnyINFe,FWnxsktzEb,pYrWB4aB,941 leZLLh St.,Chicago,TX,11687
9381,biWHwlj,EpMmdDX,TIyqjYlciC,0MUDtnLn,455 UICzVc St.,Phoenix,CA,15966
4253,prnPlLz,HhuwVRE,HhwwEIOiHS,JA9DyPAn,294 zUuoJM St.,Houston,AZ,18398
3833,gfTNmml,MDpjxiV,yzjnDjRGsd,MTglI1Le,660 bXCOXY St.,Los Angeles,TX,87949
6746,IuFiRFA,YcJxnLY,nGZdILfRRP,HM2XoV1w,519 sIIodg St.,Phoenix,AZ,97483
5271,MMRUryC,ZzAuSsK,fazYsrkWzq,z9dAIxMX,222 Ttcgoz St.,Chicago,CA,56055
5917,Tmhzxqe,lnvFpbi,OhwHzPlqIH,WW84Rpbi,931 KAYpCS St.,Los Angeles,CA,76378
7018,PWaKDMP,PbhjAYV,ELOvWkdJxh,8gQwvNqA,676 guAnve St.,Los Angeles,IL,65316
10771,DPpRiim,TWVSIQe,RtvrtECUto,vVsOMAf3,536 FuiNGE St.,Chicago,AZ,75296
10771,UmSWYGI,HtuGLQR,qiTsDdGVMv,R6HZTQVU,781 tnpkWM St.,Phoenix,NY,82357
5917,LQKJWjF,QpFMKil,EZzxYmfsBa,0EXERDsI,578 jLkKmn St.,New York,TX,17495
6746,FOfniZi,HlrJwzI,KJWKpYKSUW,fHlJHLfF,553 BEzHKU St.,Chicago,TX,12009
9381,jTEzhiQ,dYPXytI,moJFFPWbXQ,jP6n9nfI,318 RdFtVr St.,Los Angeles,IL,40306
3660,GNYNika,mpulNxs,LvlsezZjRW,FjDXB6cr,378 DBzFmG St.,Phoenix,AZ,69859
10771,vnHKgeX,cOEmIGX,MDTkBcnQTu,zGcECJUX,669 tRqOwF St.,New York,CA,51189
11427,Ciuikho,itGbufN,mKrBGTZHVB,NE0cCZiw,519 GNjwDe St.,Phoenix,NY,44154
10771,JfstuIH,kJLTmTO,mehsfuaXHH,TaPK9dQ3,968 urKjqs St.,Los Angeles,CA,32179
3833,mfsiMpp,TALQhqc,dDydWPgDca,lJGmkNle,225 eHyMET St.,Phoenix,NY,30996
6451,FVopXZU,fPZqslm,PRAbnqjkLQ,Ru4Klk7G,84 iGrPcb St.,Chicago,IL,38061
3660,RayVhrk,ourTSqx,OEDMDGjKDe,URQ40JoO,255 LgUNlK St.,Chicago,AZ,29382
11427,daUoXnc,iFUpRdP,kyWSHjkMYw,Cueff7YB,312 uOtpYm St.,Los Angeles,AZ,94144
4694,HZDsict,mnwvLok,hQXqvXsCJb,UNDQsKCi,641 YvImvH St.,Chicago,IL,72342
6460,jMDjaZw,KyVJNMR,GHPIOGPudy,fiWiWWos,597 WWtJtM St.,New York,IL,76756
4253,cdGEeGv,CGdcIos,nmCIaMeZnh,oej9S4d9,192 cXDTyj St.,Los Angeles,AZ,67857
7018,rTVzwAj,dylXoCL,kOyHLwebWS,21BuiQZB,426 hbonxy St.,Houston,IL,69057
11427,oECJLQu,qhnrtRw,XvXwZIPmOU,1vOgbXNz,168 xgbvxJ St.,New York,NY,83357
5917,QrWHTVn,uBAOnbe,OpfPlGCaBL,zXYik5iP,810 Gysyjp St.,Los Angeles,AZ,72379
6746,HNHFiSb,JRnfTVv,UgJFArIydE,yzd4k61o,891 qwSGkb St.,Houston,IL,41097
4595,egdRPlh,LfkoDSl,eiDktdqKpC,8vEhbcw2,601 MUnqqs St.,Los Angeles,TX,59803
5271,PYomjRw,QanxMKl,UTnuRrowcq,nsvmh25e,134 bwzCGR St.,Chicago,CA,92669
5884,UBAmBLk,TBuyehI,QHMqfIzHVK,w5fkB30C,33 uuRIzL St.,Houston,AZ,98531
9381,fNsyieQ,xvqQckR,TqNDDIAyfQ,ZNxded22,838 pNuCKt St.,Chicago,NY,61648
4253,lczvDyQ,XFzzsxI,pgBfAXakHT,8a0U9t5x,355 EKxePR St.,Los Angeles,CA,29345
4595,IBoJWEl,FDkAIIA,vCzqbemLGC,eoA7oSFE,669 jRUVMf St.,Los Angeles,NY,71900
3660,jbaMQwW,ySMPitS,xUAysCXvAi,fWb1ooGY,113 vQIqlM St.,Chicago,NY,88467
6451,EAcqwYh,qZhFRGV,zVhGHbXKGb,BuiLD4Gx,459 FvIJCc St.,Chicago,NY,30487
4595,ofUrAZB,eTkaBDZ,wQAXNpyvQM,Hkf3UK0f,318 tqLusi St.,Chicago,IL,63510
4595,YEyhDBL,irOqwUT,IHzpUERYnI,3ePVJEB8,632 RfdDqA St.,Chicago,NY,37471
12844,EGuFYhk,OiycUMr,YliqpgBnPv,I18zoXSt,316 OhwvwY St.,Phoenix,IL,86755
4595,ToOWRqL,RoaXNIj,zlndmDyWWG,H4zRgekz,905 FweEjg St.,Houston,CA,36418
3989,VdpRKjj,QCqlPvG,kubxXVwKSF,WSdaWJC9,189 ekNWWV St.,Los Angeles,AZ,24435
10771,evQjyDQ,RtjCYLk,YFvqsMigcj,x7G4SmGP,379 ybtLvQ St.,Houston,NY,65475
12844,GbAtgVk,VPeKdIv,DLmAJQlXCD,HNCAUaC1,772 KLFgYm St.,Phoenix,TX,44636
8038,ysKEvOE,sbqlcHS,OozzEPupkU,Wl2YPxPn,713 MjLVlV St.,New York,CA,57418
3989,SLWPUBg,KNoHCyL,KnefzJCkcA,purl42hV,800 riBvuD St.,Phoenix,NY,40921
3989,uPTWsZM,XHYUOAb,mpRibkQmhn,K32Yismg,889 qpvyfo St.,Los Angeles,TX,11895
8038,mOWyleT,HIpLQCI,TAflxlJgfD,DfQadaom,587 ObvQDQ St.,New York,IL,96277
3833,yNnQYVM,ewfkvlo,KROZdHHzOT,eWgpNrNw,543 MgzxJC St.,Phoenix,IL,12947
5884,hBJEDZQ,nCgiGuR,rejCtnQHHH,UpXIepmQ,596 dxgMyS St.,Phoenix,NY,17968
8038,OXlCcOd,IWuWamZ,yXibgActMU,MwMaJDI8,970 tiWPVp St.,Phoenix,IL,24040
6746,TyDtmRI,HUjuvDZ,IJUSwmjYFr,i3VBtnfi,594 mRPRgD St.,New York,NY,78682
12844,UtaiPxr,wzwMNVc,CUPaDjrieV,4p5XhgwA,500 Izijpb St.,Los Angeles,IL,56894
11427,WPcWbWK,IMVXwkU,YiwQYBXWKb,yf28RL2l,172 RsuPpv St.,Phoenix,AZ,24424
3833,GsjQiBv,PapLhwf,mzwTjCiqwN,uT167PCO,860 ETovNy St.,Phoenix,AZ,79561
4694,OicKAFq,TMtXJWJ,ekYJJYiqRr,UzKmGeGS,750 dKWCun St.,New York,AZ,58708
9381,LKHtZbQ,bToHgom,PTngpWRhjH,WHvZPfKG,310 SijlNr St.,Chicago,TX,83909
10771,fzRMpQb,dtbxFWs,aLFqCWuMUn,pDVLD2zH,236 odPiKZ St.,Phoenix,IL,22202
3660,BGltfqN,cxgnoWb,AzuYVkmAAj,oTssNWdY,603 Oftphx St.,Phoenix,AZ,54659
5884,APehPHT,yYPeKNW,VuilyWvkbH,Gett0AiP,373 AwzkRo St.,Houston,TX,61688
11427,rZLvMgq,XUxqiMj,pePuhFiFiv,98GJLGa8,440 QpRjxK St.,Chicago,NY,33062
10771,dqSRIEP,wFsOiOT,yMwOHiSfmo,UgieD1KX,185 UaXMEY St.,New York,CA,29769
10766,BphFeXQ,szGzcxf,wLcLfVFKiV,ZVPRd0uv,147 EuEcGP St.,Chicago,TX,49624
11144,XzTjBZI,cSYNFIo,smSgcQFhlr,E8hvcwSS,88 QpbZya St.,Los Angeles,TX,81469
7018,cqjEBQB,aopXgzX,DtVmkktCWy,a99Y9UUT,886 BlSbCu St.,Chicago,TX,89101
3660,QRPHIVj,puuLVSd,ZjXnupbdja,sGQ6Xnv4,344 bCSnXf St.,New York,CA,77285
4595,XoOixeU,ShLPJzE,eJIPpcgrha,29Tob3ND,581 fuJOLo St.,Chicago,NY,50897
3660,UayRMvr,OkCzFqR,iwjwdEoudS,nMywVlqO,394 OyIzxo St.,Los Angeles,NY,53808
5271,arjlxWf,CVOkECG,nszJAxwnBx,cyZY8Xyw,597 sRPIYz St.,Phoenix,TX,73042
11427,VIdbmkd,ovqCbLS,CoCMXEsNvb,SYD0zKMx,387 qtliCc St.,Houston,IL,36999
11427,ZlepWAr,bWzHfdS,qAFFyyZSPj,wPtej3VM,400 kzizLz St.,Los Angeles,TX,72337
5271,ipifTgO,TUJfiZO,wDfQuKWQOn,Fu28l7p5,629 dhJImB St.,New York,NY,60248
4595,SwTLvlK,GrSjxEM,QEXFpNbIhy,s5XIsIO4,290 xwjtaL St.,Houston,TX,69467
10771,UQImoWd,fgWvxCU,pyUfLehtOl,pd3vyc9Y,385 lAciDa St.,New York,CA,60584
6746,ObTkHgd,yXtXQld,CrHpqXdGWW,xxpkasMP,435 TOGorJ St.,Chicago,AZ,56194
5917,qbalwMO,wbsQFCm,TcQbRzHJbu,oDt6UUW9,332 YIEYlS St.,Houston,IL,49110
4694,bxNgPiA,OnYkuOZ,QjxgcDvCHf,coVFUwDV,948 RhzAiQ St.,Los Angeles,CA,73821
8038,llALZUQ,UAbaQJx,vbhOARfEiH,kvuePU0b,456 cmYUUh St.,Phoenix,NY,38692
5917,NqMMcJY,ZwnhuLr,XGDsBKNtlc,IjhDWgrJ,687 bTcUFT St.,Los Angeles,TX,79289
10766,HXhoLzw,RVaAdwA,mGlWlrMYza,rXld7Jwc,109 MJxWvc St.,New York,CA,13941
9381,EnpoKfN,LikPcTN,FtWKwGPCXh,e21LwWeW,44 dUsAUu St.,Phoenix,TX,29620
8038,quOMAAK,iXVWTjR,QsoYkAgZAf,XOSVLc2h,624 MRpiFZ St.,Chicago,AZ,40720
6746,YcPmjrF,PVGlVlv,FQiKkqtKCb,iDX6X2v2,740 ldCyDC St.,Chicago,IL,95240
3660,QaLiylF,waCOldW,dWlSYpFNsX,Auk7i8q7,56 PJMUaD St.,Los Angeles,TX,25257
6460,uODYJSt,APFYsfd,PivoLEcUvg,wx7AuVWk,938 HDSVem St.,New York,NY,31424
4694,ApUVrJH,ygbqWsA,yAAgGiASGi,yzlLuuu9,455 uXOGWA St.,Phoenix,AZ,34048
10766,uCRGbXj,AYWFKKr,otZjHRoCNi,qkYnU1VF,689 SqJNoL St.,Houston,CA,90484
6746,ltwwRfs,pbQNFYF,XiRSxWWNKk,BP37WAvk,799 oYsPsH St.,Los Angeles,IL,18251
3989,QNQEyXu,HEKYzeJ,iedUWumGPd,krfVRp2B,495 yXeTGf St.,Houston,TX,29755
4595,weaiwNZ,UfhyqPj,MXeMyMnyWG,osYlEs2J,367 nvrDoL St.,New York,TX,93739
5271,EJoiqaz,UQAhael,iwFEAqIbKE,mkvvJ09g,445 ySNQZw St.,Phoenix,AZ,19241
11144,VKQofAO,NaeEbVE,tZbnDVAPNW,95vIBYCP,766 BBCzEN St.,Houston,AZ,67877
10766,noLzHZA,zJWdPYa,SwupqguTAr,CsneWi0f,444 cKRLDB St.,New York,TX,96883
6460,jEcUGIr,zDUlDyc,KrrIIfmAmV,XZdqTeMy,212 hgsRZZ St.,New York,IL,62168
7018,chYULdd,HTPeqzJ,LDDuLIlJPe,r8iPr7RV,877 zRXKKb St.,New York,AZ,99010
3833,MUFnsMx,qPfMzEy,rxxLrtshnJ,c3vdMakP,225 CBbkCE St.,Houston,AZ,21106
11427,YCgnogi,SEvwIIJ,FKMZuoWLmT,gvVSDeyP,30 FNQlxb St.,Houston,IL,89348
8038,jZAeqTe,LNhbtxM,UrYxcuwaBc,PtKAN0wL,160 CfAagI St.,Houston,TX,33487
11427,pWQyQkg,BZTgadk,dbyejCxfgR,7a5rk6Yk,836 qDmdzE St.,Chicago,TX,63085
3989,qfAypnX,EudvSkE,ZRgZaunrmK,ErHUcQyK,299 wyddAB St.,New York,IL,59117
5271,dOIzgDt,trFxoZM,ZSLgiVatdV,SnrHzYsG,456 TPjsae St.,New York,IL,21021
5917,gkWGZRF,OcEXuoJ,hpekevJssX,zF1Ar8qE,681 JNcFAP St.,Chicago,IL,65871
4694,qMYANxY,cfdhyhu,FgyJdNtbNY,dkhoX13D,224 wAfiin St.,Chicago,NY,44685
3989,CBYhjZj,kjdLNFx,NHNtYcdCqB,4IpNW1Ba,965 GGXbdc St.,Los Angeles,CA,89341
10766,kkQnMNC,jRtApEV,ZVUDBlLICL,dQIZhOJe,417 TYUqQR St.,Phoenix,TX,46661
5271,qBBHYNc,fdmIdsj,euOXdPosYx,ZizDRoMg,297 yltsIU St.,Chicago,TX,12400
11144,niCyAxL,GPhyqhd,NGDcxMkTyY,M9BJyinz,865 dxXMuK St.,Los Angeles,AZ,79049
5917,qdwHxpw,kmYFaqK,fxZpVXNjhH,qscgkpFK,372 pSxtfg St.,Los Angeles,CA,84889
11427,llPtWwH,MvpbwRd,BNzdEwEFZu,xikhLMwd,215 dzoGhX St.,New York,TX,49669
12844,cXXkYvW,SROEXzn,VFlhipqVgD,ogwgigrX,402 UJrPZc St.,Chicago,TX,40207
4595,MtdzHyv,rnXpOWz,zfVWfLmXJu,ZgsyYIVT,851 pQHBUz St.,New York,TX,88098
6460,KpYxblT,VGeRxou,nLmmJARGUx,aFocR6gV,848 zPXSyt St.,Phoenix,TX,26493
9381,xrNHwvu,twdvQKj,PghrCcpMkM,R4bQUBLB,661 lDvqRi St.,Chicago,IL,65251
4694,vKcegsi,QXRFClM,kUZcUwWAmT,fRQhW1FB,423 nuwkUD St.,New York,TX,57480
11427,aktWtEU,ZMzgxjR,XqkTSpvIhB,L21VJDDB,892 gtZNaJ St.,Houston,IL,63922
11144,NaDvKBF,TFUpRvw,wBGwBrCYjB,dOMHRaOB,734 keBfdQ St.,Chicago,IL,46738
4253,hopGdKN,EgrewVU,cPvVQQFwSo,uko2yHoc,460 mloaft St.,Los Angeles,CA,92105
9381,zbxmzbk,OQtXTOE,zgYZPbEaxI,O21OY10Y,365 hPAzZE St.,Houston,TX,56445
3989,MmEVPwg,puAVpTC,InkhppihAr,Mb0UhJX1,746 UZaiys St.,Los Angeles,IL,64322
11427,HbLgHqJ,TDegHxg,nOVuKMMreG,pXaTxBvh,246 eQvgcX St.,Chicago,AZ,33794
4595,YwOzpge,GJofYuK,XzRnnyUxPa,fvRMAdIN,549 PHTzFB St.,Houston,CA,59236
4253,DXNIari,fuOfWvd,SbGccyELKd,Dg1TwTup,173 zgswsV St.,Phoenix,CA,26568
6451,HDLTDqN,evIRahp,XaWkUFSNnp,pAWqoHKn,803 vHisdy St.,Chicago,CA,67523
3833,VISbhTO,ewJaDAO,DTFHiTVUWw,EyK42iNn,204 QqQiaj St.,Los Angeles,AZ,77761
12844,zpPplhM,bSsAQnU,eaJHcrMQWD,9SE2zAmK,334 YYRFoW St.,New York,AZ,13516
5917,fdthnxv,SofcERL,MbQIGMVVDh,seVhLCq2,992 KuKJPX St.,Chicago,NY,96651
4253,IbcVaRn,UljuJFz,oQIlCaCggA,vUZqeBTM,151 OxBpbr St.,Chicago,CA,40385
5917,clFnBlg,eVimmSS,bHGmOGyQtS,9X1vzWXe,446 MmoykJ St.,Houston,AZ,11334
4253,DZTChPz,AORzSoY,KwKCfcAoYI,Ccievw41,582 gSVOOh St.,Chicago,TX,74406
3989,AYcIYzZ,zhfrhYh,zslzjgeAjv,mw8b3N9z,646 fSdfOv St.,Chicago,AZ,19255
9381,jwpyCBR,AOxloWG,NbLRMlmuPD,v9A5RGsy,325 ybSTCe St.,Houston,AZ,64385
5271,UdjLcrm,JWFKnVd,PNTHzNpoVd,0MJJHwJk,840 qDgpgr St.,Los Angeles,CA,25608
4253,ImEieDj,SBKvsxb,ZTUwQPocdO,KVfJmsXP,412 gCCese St.,Houston,CA,23839
3989,TIcmDBR,qMreTSl,UVldUbFGKL,rJZWcAcU,768 qmgdBC St.,Chicago,CA,11345
4694,lFkvyoE,TLTAOmV,ZWVWATOdCa,33yC7TDM,478 BQRNZO St.,Chicago,IL,72281
5917,BHsYQOL,WQKvsSB,SAzOxMchAm,DAnfRwGp,474 uViuUa St.,New York,AZ,80178
12844,FhbwRUP,JVyIzjy,zobARcjsAY,iFG7JrN8,797 YnlqNw St.,Phoenix,NY,29519
3660,XPdLsqy,oAmzlCd,prUzWgCnmi,dGO1YX6F,802 EhrvVJ St.,Phoenix,CA,45257
6460,oIJIGeK,jXthRjQ,scopEicsHk,ND0xN1X7,525 zNSggA St.,New York,CA,52598
3660,bbOhceX,SnNbqxO,ZYovrTZuTP,DOcuyzx3,177 vzAwEQ St.,New York,NY,69599
8038,kkIndeG,BMbzHFE,YymHcNWYMV,ppX6aLIe,264 bxBufR St.,Houston,AZ,81639
8038,LAMZSOT,iWQDdrl,qSFczmhOyy,eKCg524q,709 rsuFbN St.,Houston,NY,78515
7018,hSZgZQX,DyiRAWb,izbQswyBwa,GgJ8bsQT,701 wILxWr St.,Los Angeles,CA,69279
11427,sdrUxcO,mKEysur,meUYsYMbif,hG1grN4x,289 FkzKZk St.,New York,TX,21003
6746,oeBGNwM,SaiyxDR,DhQIWRarwt,vykFWrHm,259 zAvrSG St.,Chicago,NY,25747
3833,trpMpKB,SigHIbQ,jtuVNdiuDt,W7yGGa3g,176 BajtMX St.,New York,NY,56055
11144,NCJlRHj,QQkjxlV,AGGnEHyrOM,LYaMDzoJ,715 sWDibo St.,Chicago,CA,58591
12844,BsefnPA,uELHTqY,XTBNElRKwR,w4iCdWZL,30 VWZxCw St.,New York,TX,18755
4253,ZPUWKsX,rJFpfbp,qBOVAHOKPF,bh8B1zkq,245 VQnvKb St.,Chicago,CA,89867
6460,vYlIVXb,iQwfiqd,vwpEzBKlWp,5qIYOh3J,391 ZbIFwm St.,Houston,TX,66331
10771,SZSBMNM,NFuCnIX,GHPqbuGWfK,Uz04N51h,569 lhaxxf St.,Los Angeles,AZ,29925
5917,XqQCRFe,BuBczkg,ZKxspFipxy,slEDHQe0,572 lDxHwE St.,Los Angeles,IL,47635
11427,NaZmOIa,AHxbBeR,wufnwXYInU,ZTQqyf9j,531 CGYCuL St.,Chicago,TX,24430
3989,rHterkt,XLiVbBb,EsqmcWfCJv,xesqL7b9,611 EPIHpX St.,Los Angeles,NY,79766
5884,ZzobXhI,eraoSse,HethvonXXT,NF7wa0HX,338 PHuojM St.,Los Angeles,NY,35971
9381,aaTGxCM,iCwUiII,UTLoeOtQIN,Azd5BU2Q,485 errEUC St.,Chicago,TX,87039
3833,aLGVNZs,fCvAPyJ,mUEoKBdQti,QOGgwicv,82 bGEOAf St.,New York,TX,99782
8038,OOEYGWB,vrWLerj,zFiKRcJVay,ni0KTP5J,922 SdnJsX St.,Chicago,IL,69844
9381,trQqDtS,JWgWgXN,mFrcqpYDcv,jMyx8mpW,180 mxGXlw St.,Los Angeles,AZ,81163
7018,krPSjcU,uGLvcKh,uJhBRgytqW,pmZEEJ8t,121 VEhqrY St.,New York,CA,44995
3989,JklCbnE,vHZzZsM,kAyRZDZkGO,HBgx3fLQ,582 qYzHZY St.,New York,CA,82501
3833,BINMRGH,tVbdvmM,VfxUhgEVmn,vsrOFcL1,446 JDZusC St.,Chicago,CA,85035
5884,fzYlyLI,xZgGVDT,rVzbIBCCtH,RVF9eeRx,414 mDsimc St.,New York,AZ,81217
10771,PkJlxzd,ROLucUi,nxsxGpPDOr,LjiaAQss,187 iynjtp St.,Houston,NY,18856
5271,cSBCaBC,WiNSQRa,qFhLRYnHyQ,eBL3lWSi,52 ZBCnJk St.,Los Angeles,IL,44540
11144,TEepQIA,joIFXkE,svKhiuHHGR,2Bvl3De7,775 YnCQeo St.,Houston,TX,39441
5884,pwTEwRP,nEEbpPN,ToUHKHxzsb,JhfFZ5rG,61 oHfIeD St.,Houston,AZ,95222
6460,xPixNWW,CKJTrQX,NZBCCcmTPa,Sc1SNSbq,756 lkOQLO St.,Chicago,IL,57733
8038,tCkkjne,ErnDsBT,euXjfqDsge,PiTjgAW4,491 CXEErV St.,Houston,AZ,46433
4253,BwfPUus,OuixJnQ,IxRjUNwCxX,V1WZ8MCs,196 xWRVxN St.,Los Angeles,CA,41540
11144,wjgULIU,aSVUFyR,qZQhEJzzwO,VCUbtBVg,946 RBxTeB St.,Los Angeles,AZ,11681
3833,NnhiAkW,tFluhyd,erTWJlrbug,HkQQ4rcz,400 XnROYr St.,Houston,AZ,12552
4253,GYjVpqF,oigmgWy,aenhKGuVrL,2XHR6c2C,21 xrnVtM St.,Los Angeles,AZ,44280
5917,zEFfmeB,EKIhfkh,ihqBLyNwPf,m2Mq8bFm,221 KcwohL St.,New York,IL,73354
10766,GpQOvfQ,bohJadP,kQSkNyOpNh,o12cBnxG,721 urtuhy St.,Los Angeles,IL,67908
12844,MFuSOLN,BbEpQmb,jsTLolVDkW,n8ZZUmZ6,30 OQUUqS St.,Chicago,IL,91371
3989,XlpewEo,GPwYGWv,riEoHWTTGL,fB4IXMmI,326 VwBqsM St.,New York,NY,11662
4595,utYvKsT,IjXjnUv,iADIzGcFyA,ZrMLTp4Y,657 uphYvN St.,Houston,NY,62237
5884,LhDvRVH,vIavbJt,gcdlufYuVh,lY0l5Ibr,92 nxRRxZ St.,Houston,IL,12975
9381,pzgsguS,ycEweqZ,NiBFoYCzRh,geTNU1KS,678 xTihis St.,Los Angeles,NY,34198
10766,jJIqMkL,zDpOmPy,IOUopYZPQY,MdDVjRHY,607 hibYjs St.,Phoenix,TX,87905
5271,UlhAeBA,QXJCmWh,bnkoJKoPLb,UJDu1ogR,186 oWNsIr St.,New York,CA,33774
12844,JjTtNcm,ilcKvHo,vKYDKtprZM,lSRlpNEY,437 okJZVd St.,New York,NY,83013
11427,EANcsWE,bNSZocq,trDxYqpTSX,lgFliB3f,491 TaOHfM St.,Chicago,AZ,54869
8038,wUSOgoO,DpeybQX,PDboaDzkEc,XjPgYqxb,685 bHTCpf St.,New York,NY,46886
10771,BgVXibV,qhfWbXz,FnEBJradsE,BF7VMGDU,73 sKfCNB St.,Los Angeles,NY,14826
6460,AhVtDoK,efgVESO,XJthrWoQJb,shBDjm3d,152 OjHFHx St.,Houston,AZ,75184
5271,vSPHRpK,wFFrSjR,TtoFaQSVOe,37fzLFeZ,729 eRqDYz St.,Chicago,IL,77212
6746,nCnPKLK,wpvNjvH,IScjthsvOC,Q5NEvDor,261 ycmqCY St.,Chicago,NY,21384
10771,eYKdMQk,ODyiMtY,LlDrLSBgvJ,f1odkCix,345 ukEera St.,New York,TX,96973
10766,hBlOqbn,dPkoshZ,EYPKLSbdeA,6qmEBYO8,288 vuMPIt St.,Phoenix,AZ,50687
11427,fZeirzt,squfnKQ,sooohrOtlp,ZD4zMCQh,793 eBwvsI St.,Houston,IL,76228
7018,brEDiAx,aFSYThJ,RdPhOXvBdG,WvsOIYAI,329 bbeGGA St.,Chicago,NY,56797
8038,EnPmGxU,IVZnZhA,ewVWyVzoZc,X04BtVOR,812 gJaMCz St.,Houston,CA,36441
12844,RObVRMQ,TSkRLZf,TaqKarNUqt,o3iIY4QI,161 wXIYGL St.,New York,AZ,42089
9381,SUgxKUJ,UvosBlN,VTKNNgrCBo,MeR0vZ7Y,929 bxEamN St.,Chicago,NY,23668
10766,UrShDNW,hYMSfbb,WMXxVzgXQb,yheGuYiE,576 Epxaye St.,Houston,NY,46222
8038,yGWMBtG,HAhETYe,LSFyXnnxWQ,VMEhd6uF,310 SHXMbL St.,Houston,CA,33550
5271,KeXEHcR,JGkBqPc,coCXhJHtkF,uwRtcTMm,629 xAeCTo St.,Chicago,NY,15480
6460,biHWQhs,pbQYtoK,QLUFvZqAFH,XAnbpSNF,320 lwvyJr St.,Chicago,TX,41507
6451,GkqnVYN,edhcYkR,OLDVAKpLsL,iUZBHzz1,864 DrYocZ St.,Phoenix,IL,36422
6746,NHhOdfX,bAIuviR,OnaiBokbcn,RwmhvJCO,211 ICGNiD St.,Phoenix,NY,95457
7018,hNRwZwa,XgsJEDa,XhCbHKVqlx,0dZf0SaQ,747 JmkTkg St.,Los Angeles,IL,28457
6460,mBgMTgQ,nIgBTuO,uKPYVArYzN,EsDIf8Sq,583 gRjpta St.,Houston,AZ,89487
6460,YyPHKZB,wMNTAnl,jTyJvJDZxg,l2eS3zJK,191 qWMxtt St.,New York,IL,37133
5884,lOdgsaw,pmKzCrr,YsPCAuQReP,ldDvWO5T,498 UzwszD St.,New York,NY,55233
3660,KvRlMDo,ncGpazW,iWyHnywyLe,ph9tOrLx,628 iItFuG St.,Phoenix,CA,66592
4595,jUSYbyw,qPeEWJQ,drMDUThkIM,t7XF7fCJ,526 kibZyN St.,Phoenix,IL,92550
4253,DYQKqkz,YBSlqeO,nhKPgTOzoa,xC4kLSLj,605 XEyBUe St.,Houston,NY,35129
7018,mEXtPRn,REltEtb,PIQAGGKMqo,6ZTunWzx,17 YfUqEF St.,Chicago,AZ,58688
3989,nWsEGZo,aMmWmfX,nWQgxSdxrM,Djv4mAMm,469 iBWcXS St.,New York,TX,45287
6451,IanlVYP,hNDvHWN,OheDLFTLJC,SZv5g4yO,402 yvtQrU St.,New York,TX,80819
12844,IwnMmnq,TNGMZbP,KMWVGQgXqe,taMrMJcs,633 igeOBm St.,New York,AZ,53582
10766,hMfdiof,BiAiBSq,nWKiXSYyRi,j0aHUl9N,584 wnHVnh St.,Chicago,TX,58164
4694,WJideHi,mZmVrTL,yOjNdzgXdy,Guoo7lie,849 uZBctS St.,Phoenix,IL,97459
9381,hVTZGav,LTjEGei,fUyClGsZvN,HPI9MaOC,429 AgmGDP St.,Houston,IL,46425
3989,sDeFiAC,SBjKHpq,mSmqrmkIkV,j6bJRhD6,169 fCMpfv St.,Chicago,IL,68070
6746,qqhlIGV,egmEOxr,UmHMYsusiP,MgEWo9yi,188 hvaXnw St.,Los Angeles,TX,31327
10771,BbNBSEh,aThhJZZ,zBvvfUEHqP,7k4fWRmi,748 ZxSaTc St.,Los Angeles,AZ,25541
12844,VNYrmjK,OgCqwYT,PporXuAVrz,W00Rg2li,512 BWnKFX St.,Phoenix,TX,29489
3660,MQbTVwZ,SyQVNfF,lKyfINMhsL,QOXtEBNL,453 nZaSYm St.,Phoenix,IL,23335
3833,BeEXusH,pBWROVf,ySlEHkplkZ,mH9xjBWa,800 WMRkLH St.,New York,AZ,32166
4253,JyMpMhm,LRYPzbW,xXyUcXMbph,IHJWBLPv,797 ClIdzo St.,Los Angeles,AZ,67065
3989,NbeHvWH,iXfvZXR,qTIOdvYYLP,aq7PeQVG,607 tySmpv St.,Chicago,TX,30227
6451,kfRsooE,lPmDnTc,vMmJUIHFQb,EAc27rMI,800 MpYmJe St.,Houston,IL,25432
10766,feLOqdq,EVDONXQ,TRwVHiLkqL,P8sZF1VU,599 MUuiWs St.,Houston,CA,56058
6460,mEFOJBY,zdeVUoT,vyDzptMbWm,wCtOd0Zt,382 WsbYUS St.,Houston,NY,62818
3660,KOLEMlN,IBGAVHt,YVVskVKOXI,AB6ZEywH,424 FAOjwL St.,Houston,IL,21607
3989,tbNBsUc,OEXmCrk,VgwmTmBXTU,VPbkRRbm,391 lmAXNd St.,New York,TX,42736
4253,QVBpDDi,YLTCkdC,gTRvnUzLFr,zU2tsiXl,294 BFtUud St.,Phoenix,IL,38641
5271,OUHyScx,HLauirB,eYfrbZXTPI,tWzYX7KZ,467 MgcilB St.,Phoenix,CA,22259
6451,PJnsMDj,QBljrqR,KjpDbcQlgq,z70udr8C,594 cPpQfO St.,Houston,TX,30965
6451,BJWOjgg,gJmVIyb,YHCrWbyYkG,VIQcw5v2,796 fCbWyw St.,Los Angeles,TX,54721
12844,rSubDWm,WxSeNXi,QXeXLKgCuy,YDg0FFjk,95 asgiKy St.,Los Angeles,NY,18195
5271,ZgWUJMf,YdRhwrB,yuxgOaObwt,dp84WRp9,821 AbuACL St.,New York,AZ,59886
10766,ozncsyV,qrqEnkq,jJwcffpcUb,DibhE6to,228 vwKMKa St.,Phoenix,IL,72985
3833,PxbZeXT,LFWARtp,vHkammpWUQ,gv1Dpi59,144 ZSZLmo St.,New York,IL,88300
6451,YtCvtEI,ZPbiiAT,cPkxORoSYf,HnARkrE7,832 bsypsF St.,New York,CA,19510
4253,ueDlgQV,VqeuJOb,CQImqNPgAd,zf1r2Lay,510 iNJvfH St.,New York,CA,91346
3660,GYeMPUH,OjygQLl,kknWoLGOoX,sgQ5I5Na,907 raWqyY St.,Chicago,CA,18034
7018,NHAJpyu,bjDZzHb,yKYJjvveVO,QgrCH9Za,849 OXHOEU St.,Houston,NY,78893
10766,BAlyOOR,vzQphGT,rtFMEMadSS,DIw4NZnz,808 PAJFSN St.,Phoenix,AZ,71262
6451,fLGUTmx,GIvAjTh,AlAWuwBByn,0Kv8fY85,414 mUNimh St.,New York,AZ,68551
3989,hdZtdJv,caTxnCj,subbmNDlna,3WMQ6V0y,339 GxMMLi St.,Houston,IL,69694
4694,POmmJkZ,kyVZgke,QiIZyIuSRB,17gzP0KJ,993 CiPFcZ St.,Houston,TX,72907
9381,yVyACpu,nAuTSdx,AVHCDQZpLf,mQwI8get,662 XuwbEs St.,Chicago,AZ,44948
6746,uXrhWiP,qpiftQa,OQSxlvjFtk,qUEoSGGZ,456 RfJhdP St.,Los Angeles,NY,52607
10771,nlyARWu,RVAMuvm,xrzvYqONUB,oaxcwcRN,904 ERqXdm St.,Phoenix,CA,17745
11427,FFeLvih,sevynGI,FoBfIleHVa,ME4uIFxX,683 xMXPln St.,Phoenix,NY,28475
11427,Lrfclad,LyirvpG,zSkwPFmAzu,NEORtKMM,745 ZupHvj St.,Los Angeles,TX,44502
6746,GayQPaz,NuclKSE,yPDXNOLyKo,ixcfYwez,573 HzQHbG St.,Los Angeles,AZ,73107
5917,SOIIqMm,KDHBchK,EiANRKwZzz,vQBh00Pa,649 kgpFYs St.,Los Angeles,TX,79209
10766,BInPvup,NJsrIdW,HjjuQVHGIp,TkHh0EKA,488 GrPnIe St.,Los Angeles,NY,11749
5884,znLSYCA,uBwhwZf,mFtsPLqHrD,xImL0hvq,700 OXafAc St.,Los Angeles,AZ,21833
10771,GsHJQZN,AxUUnca,gKegoyycFX,iPcgEgAr,516 PrUOqt St.,Chicago,AZ,41205
7018,ICfTrNh,zYffast,GXBQhZtJIt,4iKrTZNj,5 SJdKle St.,Phoenix,TX,93777
9381,cRteaui,xaAcqJB,wRmmTeKQPn,xaIl2BvZ,434 SiibZC St.,Phoenix,TX,37539
6460,ZrLmNBf,fIqnrAm,QaaANiayJP,QHo35XGh,615 hvgXFK St.,Chicago,NY,65955
4595,PgplxPl,OipPiRp,cKplWZXNUT,hX2SfsmU,129 xTNKom St.,Los Angeles,CA,44844
3660,ICGsPDY,KNQFQEv,DisFGvuGsw,2sd2jsYk,550 cFMKFY St.,New York,IL,13342
4595,uFvZBql,JEnsCMK,ahfzRnpqRa,0NBGoTJd,774 DTVQBl St.,Los Angeles,TX,34439
3660,dzsEqML,tdOrIJP,pHhHRXBKcP,MsFHHkW1,255 aaQpOL St.,Phoenix,AZ,94525
3833,bFblSUD,HnnGAFE,vpcaYsPohj,yisSAZcF,699 rmKjRT St.,New York,CA,53897
12844,pTirGjS,ZnSPQfJ,HToKmdaWeu,wPHjUZEg,204 bHJOvc St.,Chicago,NY,74690
12844,IRewvoM,riAMjSE,ucYcKYjNvD,shFzspaX,484 WeusSy St.,New York,AZ,40315
3833,PHJqhKj,StqvuoQ,cgUwZsmwUU,CHPDRIef,206 bkeLgb St.,New York,IL,94926
3989,QRQMboi,JxXjlDb,ZgTqAPIKPm,xnAF6h5x,116 LaGlFd St.,Chicago,CA,37160
3660,NZgZaVt,FwWiBJS,wtzpNmvDnz,dE9yYp4K,824 DXDuFd St.,Los Angeles,NY,40129
5917,efaWgRm,TYkiUuJ,GLJBBePCLs,5G0vWcFK,884 hXzAiW St.,Los Angeles,AZ,99472
4253,WFqkxop,xjrKrVq,GyZwoAAuWE,ZOKqlCqy,337 hlMwxl St.,New York,IL,92219
5917,EbXfRDw,seWswUc,OwENjOCHxB,an7lwQ2V,162 NSxYvQ St.,New York,NY,67577
10766,bIIyJue,AsWTrwh,GozeqhSQNJ,lW50wNlz,305 KPqLql St.,Chicago,TX,78102
6746,cMxiNdb,VqiEAhO,RgcMtVepiA,WzD9H7Kp,587 vFkSwP St.,Chicago,NY,73002
6460,cwzzGgw,fglLhXE,AyJTmZnTfa,z4OByaeW,430 geuTil St.,Houston,IL,45294
12844,IeQtsvc,xhaqfbD,nzXhBEvxPN,3eq6YLdD,907 fQRCbn St.,Phoenix,NY,58061
5271,UMJtrFp,DLsklpu,OgPhvFALok,zYx0Iha1,283 qmRRpm St.,New York,AZ,76929
3989,kapMZOi,gGnjFTr,DCnJAqCjZE,bSRMOJSb,164 EOGLis St.,Chicago,NY,43719
11427,fVyCTQE,ehvtdtE,JHcqbdENQk,YgMOU3i0,300 vBKcgg St.,New York,TX,54619
7018,zAOfgHS,IOuRmMH,qEFKSoUKAT,j8Ut9oNC,35 VFuGkl St.,Phoenix,NY,12551
12844,BXAmoNc,zMFHAjA,MbRvHZBeIQ,p0rdP0Z6,49 tFUTHs St.,Phoenix,CA,10017
4253,xkdvhbX,SqpTKoE,xKyVnlhcOK,3wSwIRSG,530 MNwLBZ St.,Los Angeles,IL,42359
9381,wOsdLSB,kyKkhvS,vCpNtulkIj,t6ejhMTa,770 qxoXPl St.,Los Angeles,IL,80449
11144,MXaILow,tRjmJPa,ezKvibltUA,BwByYtFB,543 BduFCr St.,Chicago,TX,42458
6460,wpugXgH,UOVzEDp,cYSdHUgUma,EXGxb3sk,348 cjliUF St.,Phoenix,IL,72980
6460,YPNvrtB,RuihlXv,SBLACtuZAz,6JNYrpJu,38 vrfLfv St.,Los Angeles,CA,11813
7018,yPfvhIv,hOzieFh,MFCkGuWTCC,aebUhACg,99 WYtrPP St.,Phoenix,IL,89543
12844,rKZlYPW,pTUibhH,NEGuDaXbrq,80ORQrMb,299 GiBsTE St.,Houston,NY,65328
6746,WapiGVs,hzbcJnB,zRoNbxKYVm,YA2qvBdp,89 arpMqz St.,Los Angeles,CA,90277
10771,vJfquRL,fOnfIad,EtmtNjxmwo,5gT3nvsB,605 yFuypd St.,Chicago,TX,53328
3660,PxlKdQG,WZOJaOd,dsXTWuJBxX,sj07K2L2,546 lBvzUl St.,Chicago,TX,82857
5884,ActjGiQ,mbskBNx,UAPlLlWyuC,Ztdkjd0V,16 eWQGsB St.,New York,NY,35869
6451,zTGxKjc,bfRIRka,hmbOcoiJCw,rESMNAfd,799 aaUiRO St.,New York,NY,52018
10766,owjaNdP,PIsKgiA,TSlWWuswkQ,shGFoeVa,506 wadCNw St.,Chicago,IL,28874
11144,yBwvjlp,tFHTZVg,EmsMEOEdqf,Ao5EEa8n,809 Rwnysf St.,Chicago,NY,53819
3833,SzvaqSH,vMEeeqi,CZTTrjsNIz,evDX6yjO,725 zcnUxu St.,Houston,AZ,25777
11427,ruzTtGJ,yJHxGnr,SmxHlthDfz,9HAQQvck,123 Jczsbu St.,New York,NY,97324
3833,gMcEsBJ,qdZRutC,hvYyfdWKGo,fr6JnMtC,480 qfxyMu St.,Houston,TX,23952
12844,MVYYgSm,MBlkqdS,HLBXKnOqOZ,9XwaWdef,321 ecSLCT St.,Houston,TX,40718
9381,DwbUHlb,LzEVzZJ,UNppQetGIj,Dw0VTHIB,108 eDOWcS St.,New York,NY,61804
4253,zfRntcE,KeWafzK,UeJKGnLLDV,s3WLPp9r,767 pYlGrS St.,New York,TX,35651
11427,jDSetUJ,attsMmt,mFcttXmxzh,OKtFYjE6,222 xtYOoF St.,Chicago,AZ,11339
4253,CmpMGiR,KtDZwrs,yJKKwjcCLj,3rfJcWJf,213 gZAndX St.,Houston,TX,14237
6460,znsxUAb,gKCrUIY,lwcXcukcJb,YsEdtpqi,441 LlDYNa St.,Chicago,AZ,89905
12844,KdlZSdS,VEagjxN,KKgJBtbehw,XtbJPjaF,390 VWxKDf St.,Houston,TX,17183
10766,fOhwazF,siHCDzo,lUwNisJRWt,R7Pw69B1,741 igbOVO St.,Chicago,AZ,78956
11144,AAVLKDQ,EfdxrOo,jXhZaCkkeS,knkuPKXY,844 jzEfen St.,Los Angeles,TX,94271
3833,rcarbVp,oPqDDLC,AvEgfVwLkk,T4QoQsBl,541 zmkxJH St.,Chicago,CA,88728
5917,TRmRzxd,AMBjeio,CAEkqmlgco,mO2J0F9j,247 pXdIWB St.,Houston,CA,78780
10766,RJrhMjJ,yZwsrxW,YnmxUtMLAM,6aLTw6CV,107 wHErzs St.,New York,NY,62831
11427,ghZIsDd,jGZfgYS,TLnmluEOQn,OINBE2cm,895 JbteBm St.,New York,TX,31837
6451,gXufqtY,yleqWlZ,WsHAmjXnuI,Eum5Y4Wn,767 LKMqBW St.,Houston,TX,11951
6451,npKCtIZ,puHnXVD,EjXgjxHiJV,L0YGS5VN,234 vByFjL St.,Phoenix,TX,73980
4694,TKTvLCN,TiDJjct,fSLEUHxzGS,tz62QM5j,449 sBxCcF St.,Los Angeles,CA,18427
3833,jxoIRCA,NoQtDbM,yMbbMShdbG,KfP1eno3,849 lPbErM St.,Los Angeles,CA,55646
11144,CaOuJfn,KKRCNNq,SshkvAzzFB,lQXm4gAC,991 psNmqr St.,New York,CA,34521
5271,mGEPQtd,HlgoAeO,pUWathdXXw,48GQ7fbh,108 COQFGN St.,New York,TX,18480
4253,TBNjRSI,OsAKARs,SrycHfEbUC,3wqbQEO0,621 KRbvOn St.,Los Angeles,NY,72325
5271,DFnNtVb,cdQwXuH,EbcrOqQUos,zqdfqjnf,757 VFSBMP St.,Los Angeles,NY,26352
4694,lYAMKVf,jHcMdMp,McBeCfiCSI,C2Kd5fQO,332 VzHRLw St.,Houston,NY,46497
4595,mtIwYii,dqwlpLh,fQldCpQcYY,PhKDAOB6,465 SFrliD St.,Phoenix,TX,45271
8038,eSDdRjj,QKeAZWU,tYQtOrqmyw,YKl6kYgm,373 SGxayx St.,New York,NY,77816
11427,RxTTZWt,GAhvBJu,HULspfJOev,TTQ3qbFy,228 xganxO St.,Houston,IL,17162
7018,PqPuJGl,fOzmwbt,wRlaFCjnpT,kTdfi3vD,434 IWwIsv St.,Phoenix,TX,87017
6460,YPQVoKb,wPJeHON,piXVSmddME,wj4tmInP,220 paUhHu St.,New York,CA,22479
6451,mEQImgw,xoBctFw,ckqqZdmQzx,oG6peHBX,828 HwRaxc St.,Houston,IL,80163
8038,VRVQQNj,nKwIHGp,KDxKomuhyy,2SnQMf0N,125 JZGXap St.,New York,CA,77035
6460,MVHSfqb,krMBVyA,JUIcsWagUq,d1qn6BFp,373 SETIkv St.,Chicago,NY,60542
5271,yacSVmH,fIBxGrl,ueSJDumJdW,pTB2Vf4C,106 NwnuGz St.,Phoenix,AZ,42488
10766,sXnuJgD,PDrIYqU,lxaQoiHNsV,ktFrgYfX,703 ONjREI St.,Los Angeles,AZ,52317
6746,eyKYCwr,IfDfJtS,LrordHgjQQ,bB6YCYxz,124 qOwZsV St.,New York,TX,68074
4253,JyXTvgO,FcrhBlp,HgAssmzvek,Fj42hZlE,363 WFrtTO St.,Los Angeles,AZ,56480
4694,ibQEVgM,grSCYuf,RFBctvwrFz,R8yujnGO,251 INDQLz St.,New York,TX,96804
6451,JHBZDtO,YRWWPEn,GQtTBtQaKZ,r0Oyosx5,215 HGcHrp St.,Los Angeles,IL,35279
4595,FJkJnIe,jkxrnPh,reRmQtTCrr,HQmeHaVL,273 hkhxbT St.,New York,CA,80063
6746,YfQzQoL,eLmERtF,YeVrTyNmOG,KRmzvXdN,635 xqAjnG St.,Houston,NY,49628
4253,krBRJYv,xVVIchI,BXPmmsaQqx,5Y41EVPj,324 HTQeND St.,Phoenix,TX,45255
3989,diRgxBc,bazFTOw,pLLhBEWRNj,Le19Fdv5,715 dyXzYV St.,Houston,IL,54118
3660,GGzkkeC,HrItWqO,UbloDoGORw,jqts9cL8,352 jMpacN St.,Chicago,AZ,32968
4595,quZfhDE,wwTDKFd,sNdpHjkyAT,YCO6bCoM,319 RiYQSy St.,Houston,CA,42834
9381,ARBEIoH,ZxFWIGc,WseCGyUnYw,h9ABDmCO,353 eXZpgY St.,Chicago,TX,53065
9381,EIeOOnh,aOVBYsB,hfIEfGWSdO,Jex2kQtp,331 YVHWjx St.,Chicago,NY,50835
5271,BovziVO,CNDyqdH,ctpqLxuaHV,0eEiK9cY,90 zJQeqe St.,New York,CA,75081
10766,ERtrxzE,UgSeNoh,BJXaemcvrs,3ii76w39,972 VfbInj St.,Chicago,IL,35273
6451,iMIglTD,xDqBkaf,OrzHhxkYUR,3q8SgxsH,152 iGOAsl St.,Chicago,IL,30341
5271,isNXhVE,JPQklfi,LTBbojujlR,O9OAtNOh,724 KDXTbc St.,Los Angeles,TX,90806
11144,iEfNXiM,awlNnJA,nwjJVAqnCa,DNRkMCKz,441 qItEiw St.,Houston,IL,82847
9381,TcyboNW,AzVHvtl,SBQxkmsiNK,U0uuqac0,534 noFZNU St.,Los Angeles,TX,30953
5271,EPaWfKQ,IdHfCoX,LgxdjKsoyG,MbQAYeK9,857 RKboIp St.,Chicago,CA,10007
12844,UEfcrFQ,mZHVttN,YcxfPYGlOm,epgbJejX,26 cVpzUk St.,Chicago,TX,45331
10766,NIYFCsR,LgPtjZh,JfpNDeuFsx,4kFYt9F7,179 SuiKMT St.,Los Angeles,IL,64333
4595,RdvUESI,ybsDWMd,YYLJmxGatV,WyXEMDal,191 VQvgHj St.,Chicago,NY,97597
9381,eIUgxvb,nnUPJeY,QliCVKuNSh,nQ5pbvXD,13 QXnzTR St.,Houston,NY,25901
5271,OxCiZKw,dASDJlg,mCrDQPsIKH,OmWKDhPR,571 hZLEad St.,New York,CA,64854
10771,vLHyGQi,mYCoaMz,gVLkcAoTWA,j5Wr1Acf,285 aCpxKQ St.,Chicago,TX,35014
7018,gHYsyFX,aDChFRJ,SwkgkoQDXu,NFwGmTFn,699 yxGgNM St.,Houston,IL,31954
6460,cGOhUXs,mHxMtHB,MHhjJhMuiF,fwT0BB9l,921 DtpBCg St.,Los Angeles,AZ,52219
11427,vKiUjmh,vsNXgjr,fQiXFfvzGe,GZeeKvGr,116 xzRxLU St.,Los Angeles,IL,50897
8038,OnzEoQG,UHCCpJS,HJatqAnznZ,uwO37XEl,486 oMAimY St.,Los Angeles,AZ,67659
10771,DXronYQ,yQuJWDj,upVvFwQlGA,XGqHQGL4,566 ZaTget St.,Phoenix,TX,74595
11144,rgQuUDb,sVoiprU,HgdQiYsHmM,ZjypsOnm,424 lZFYdz St.,New York,NY,28821
3833,dMwYOJu,hGxBybf,JEdSynlqXw,DFF6ZJZj,573 NXEvMc St.,Phoenix,IL,65876
3989,uOxDqLK,iHewaIf,dWQzHyHqWu,MxZJlfZW,964 JHJbhb St.,New York,CA,91976
3833,DoanJJa,LovxwTS,XxAIDMaEEz,v411iOzx,108 OmobPp St.,Houston,TX,69708
4694,yGYfdFc,JnojTZB,ZUipQXGIhs,OQAVnjx7,381 TlHMMu St.,Houston,CA,72851
6746,FkJtikE,WxZCQdC,vsXQeQShgr,8Jts9BYW,205 tVrcGM St.,Houston,TX,22509
10766,vPrdDsm,lHGJRHK,nEUNNVoNMA,VLH3tKRk,859 mxApzC St.,New York,NY,16122
11427,Lwfkkgb,eXSnaNi,eLYyKTuSkq,xfH3BJB3,960 juOrIk St.,Houston,TX,38432
3660,xfRCcRZ,zprCoHv,dfKCKuqGYF,F9I1JsfK,284 nVfRUA St.,Los Angeles,AZ,36861
10771,YhcoZzw,WvCwWqF,THSdhZHXHq,nONIohld,789 fekGQP St.,Houston,AZ,83993
11144,GjwJXNP,pUctQUE,qEgivkZUUy,yAabhezN,66 PAcUWr St.,Houston,AZ,65206
11144,KawHLIl,MmNywMx,FzpfggxdZW,A1h3r8UT,296 oBQxxT St.,New York,TX,74390
10766,QkEkOMu,hhKdNit,DTSZCSyJzJ,jisRZAqN,915 ydAmIx St.,Houston,CA,63287
8038,QEDyUSu,rOFLLAN,GOCOwrfoJZ,fH4fEF8w,843 sJKHpO St.,Phoenix,NY,49278
12844,lAsAOJn,CXjDDyI,efxanBGpLY,n0JvTHoh,825 tdWdIt St.,Chicago,IL,78331
6451,YuCLgVY,oHozMfW,bquzOCqHPZ,wLWMfONO,531 JRpSaW St.,Phoenix,TX,62431
4253,qZbaabf,uSGqoGv,ZiyYqKMHql,Tf5vygNs,345 ZvjNHb St.,Chicago,IL,63084
10766,ehKMuCo,fqTCgww,RFLxSqcLAB,s4rehlNI,842 uxyRLB St.,Phoenix,CA,61410
9381,bAcuWnP,EcHIJTQ,LegOknuvDR,MHSStoP9,897 nNhuSJ St.,Houston,NY,36545
7018,NXhgjZi,tlkqBQq,mtnMuuLkUB,qOv7eyo8,202 bTnlVZ St.,Los Angeles,NY,65444
4694,dGEaDuo,QgMnoRv,IczSRBfRkH,e2h4hbrp,914 kqfCiE St.,Chicago,CA,61863
3989,xwUrWYA,XlGqKKw,MlKIgIuHRJ,CnLMKXMZ,635 rxENvy St.,Los Angeles,NY,37352
5271,OWTozKS,jGhTpUM,DjBCpjpUua,hcvG4NMj,703 peInWE St.,Los Angeles,AZ,93732
11427,fzKCHzC,sBnkgDb,vuHzZjkTvK,sxrHUAA7,551 IklqnV St.,Chicago,IL,71156
6451,cePQlIn,pNedtcs,WxpMoafjiZ,84ePxBIX,653 rxhRUF St.,New York,CA,80868
5917,wSISdJV,vQOMMUA,zKxMDDlvGS,b4lg6Wtc,147 EWILWK St.,Chicago,IL,65847
7018,NaPyWJf,jHXhisb,YmxIeKwMSV,39EZ0tDG,259 bKcMna St.,New York,AZ,42861
11144,rLYmzoL,DJEUWYw,obsUybRPub,U6Eav7ET,679 RJiueJ St.,New York,IL,33173
7018,ycggpHD,OvnNgpO,ZnJrJQJCHi,4uBMHNuJ,852 joKQxX St.,Houston,NY,55327
10771,FGgRCMh,BrbDQeA,asjrYCTXfh,lptcvrPE,722 TlJBmC St.,Phoenix,TX,41761
5917,JjhGmFl,AwOrwFN,MBxUSCgSgt,CIaa9Odo,242 DiVSPl St.,Houston,TX,27852
5917,eCZroos,veKJrqh,pZUEBANcxE,SwupCq7o,468 oGgLWU St.,Los Angeles,CA,75331
5271,yrdvmCS,ZIKtjVr,WKBcjSlDhz,TWo3YsHF,847 nnuiPK St.,New York,NY,38555
4694,QlAtYSS,SGAiRZu,CYXXpEcfEE,iopjR4vz,557 jqVEdu St.,Houston,TX,23956
10771,oQXwRSt,XeJBsEM,SxeyLqmMbs,MmcZ8qPU,24 pPILUY St.,Los Angeles,AZ,82712
10771,EBkHQNb,UlTFQjE,tWhuVcMENZ,yjjDu5YY,667 ruqAdG St.,New York,IL,18398
7018,zjIKeJH,yjUQgtC,zvTpltdTjb,tmfNYjA5,322 WGoOHg St.,Los Angeles,TX,77859
11144,rbYoqhy,ZMXZqAK,cLMjOBxQFs,ijhO1Myp,463 MyEApj St.,Phoenix,TX,63992
4595,UpTwGRS,hYMStXd,yzGDRdrlGR,6wlmTYqb,165 fLSOxD St.,Chicago,AZ,62758
4694,GdKYOZo,cnHSmRj,bijFLdulZC,SYvnbIeu,903 bwEKgY St.,Phoenix,IL,38482
5917,nQpiTNP,PUBKzgl,yejdAKsSxn,vmET2dXV,95 eqUbDk St.,Los Angeles,AZ,48695
6460,DUfYsMQ,qvSgmWl,RUbKtNWsjR,NKgBIGIa,610 HjhNCh St.,Houston,IL,99934
3989,PFjCgBq,jAvDxZC,NrzqtqLQxq,zXUJTMbN,730 sjiGdY St.,Houston,NY,20690
5884,GKPKRog,zUblSkt,ncRbiOtfFB,mVDF2PZp,701 snwEhF St.,Houston,IL,43878
5917,YdZGkPw,tGDDVDm,nvnUpjmViX,Atw7WKEi,750 vtfpWM St.,Phoenix,IL,71822
5271,KawZibn,rRIecON,QfyLSCzDtC,Ege792mr,142 fbMflw St.,New York,AZ,99272
6460,uzBKvcS,QqiqIZe,YxLTcAuXZr,jOa9srGI,655 LqRnFj St.,Los Angeles,AZ,94770
5917,HJvilha,NmeejGQ,bvNIYhAeum,AEr5K4Wm,883 eiFgWx St.,Chicago,NY,97868
5884,XYmaDLz,RyGKOqM,AHWhqTDYtz,ZWsQd84S,644 AiSiMo St.,Los Angeles,TX,77559
6460,XHEDhLA,DJYkfTS,UiVjBnFqss,TEw6dgVW,423 aJDAnP St.,Houston,CA,82905
6460,hIroGFe,EZiESWa,wCkJiPiyDC,7doNUmwX,957 VcMNGW St.,Houston,TX,57438
6451,sHjApPc,wYnBdKv,WvnWKjAaSH,ZwbWFWa5,618 HlQDqF St.,Los Angeles,IL,47382
6746,oCJaCmh,zrqVGTm,NjVKWXeyWl,692tGMhX,901 mbkIIs St.,New York,CA,56705
5271,wdCfZGY,jNkbgqm,lejWbDhhIW,29eZqx8E,248 AJQCeh St.,Phoenix,CA,88770
8038,VEIMvYs,AHVtucA,NTOXyNRvnu,Ajr2B7Tn,400 BgKcbx St.,Phoenix,TX,30434
3660,mEfATEO,TAcHert,tXdCwNWwsD,ZxPdzW78,258 CZnAZu St.,Los Angeles,AZ,83035
11427,XRSknWM,TRzUkDu,ivHSTNCGpy,tIJebC6K,500 yfrMug St.,New York,AZ,60529
9381,RdrSPvd,fixnRfY,csoQjxHHXP,AxQi2Tgw,360 sDLgvt St.,Los Angeles,NY,60215
3660,pYIZMoQ,YlWZStl,sxXzPgnlLL,4NiV7Arx,723 lvlbok St.,Houston,CA,66955
10771,ntEqXkO,wMoXgOF,gAyDRZkYUM,YxvVk2XW,515 UTOvUr St.,Los Angeles,CA,54151
11144,FWMyuYu,yPAnWlJ,RjkkwmsQAh,rPVX5x6n,963 zyeYUf St.,Phoenix,CA,12210
9381,CwUmACM,yHlIwHa,mKwEEVJkER,iyxMxZj1,954 PBEROQ St.,New York,AZ,26224
3833,HtNkxXm,eBtGKoj,XfNJVAAlKR,jJM5jwaf,427 dGoFvD St.,Phoenix,IL,79824
6746,JEtrRPM,qjpQkkP,ORUVYsdCgU,xL9lamM3,502 atpeGm St.,New York,IL,76364
5917,QOpAuXF,HtiKoyC,rZcxwqYOya,C6VoqCgI,879 DYIwmC St.,Los Angeles,AZ,78457
4694,uYTcSQy,pExUByW,wrkDvQODOG,aDPiWJaR,36 Xyjddi St.,Houston,AZ,78509
3833,oEodiyi,hVFPTpM,DYcbQtbJBO,KW8DWpEQ,997 MiBYQA St.,Chicago,IL,35711
6746,KYxIFoI,VgXBdnk,AjIejhyyxH,OpGSNCA9,624 eMCvOs St.,New York,AZ,36599
4694,KUzHdej,XqFNfqu,YuecMUOZIt,E6kyDWOy,257 PPlwcc St.,New York,TX,97034
3660,UrqIWGZ,neVsykU,fNiGtxyRks,GguNTKgP,60 rqeoyC St.,Los Angeles,CA,69373
12844,kNsSxPk,QojtUuE,cwwqzivHpi,YwWlb4lS,95 NvgEcY St.,Phoenix,NY,67459
4595,PFaVHJM,Tblgzip,vMtPIUxxdy,n2UWWsfq,764 KIDVCi St.,Chicago,NY,28087
4253,jvSOzaL,sbIfZsq,taogJNXtCr,mTpotu50,584 JrWPcg St.,Los Angeles,TX,97991
10771,OisWlbq,QZfeSVe,rqZUBdrrky,sDGi3RXu,662 AuDUAX St.,New York,TX,14456
5271,XvnzDWW,HcVZdBS,ycVaxuWKPf,sv95BGSu,389 qdDYLQ St.,Los Angeles,CA,75710
8038,RBUfbAd,oZCjyEF,jyMGkpcuyu,1MXUgpqO,819 KCRGMh St.,Houston,TX,17143
6746,DRWWzQV,AJTZWga,sPLeeQNaGZ,RJtzh2f8,776 LKgvLq St.,Houston,AZ,44180
3660,tdMpjxF,DrMzcGP,vgemBylUMB,fVe1Dm2M,39 VvYTOH St.,Chicago,AZ,25210
6460,GIUnxhY,SajUOGx,EyOxmjvyOg,w865w8j7,962 MuGnjQ St.,Phoenix,IL,86264
4595,wVkCygS,qnASkrl,NCWxzVIBdU,FT29BE5b,479 mRzuMo St.,New York,TX,39220
11144,eXxpHQt,hkdSZcf,uKsREQnYnm,BrNcevRt,416 HnrFQK St.,Chicago,CA,70177
10766,ZzmrKbq,hjlpZQF,sTcQcErmuZ,x5ijmZEy,202 vJdwau St.,Chicago,AZ,63610
10771,SYWsWXJ,SVZIGrv,ZLpYGqkjZZ,UNEVxaW2,431 EfGLQZ St.,Los Angeles,CA,37686
4694,VrGuPpo,KfXuCVU,WifANGxQBO,Olpkw4qv,189 HtSYha St.,Chicago,CA,40191
6460,YdwKPBB,ECcZjhu,svvznrRyVN,bhAmoBec,75 QhHuwz St.,Los Angeles,CA,19815
5884,YFvysfF,VbWmZcQ,esKmRaMlhr,uy8aAgXO,669 KTsFzK St.,Phoenix,TX,13376
9381,dPxmIoU,JaABgYS,eTOvEiKnpo,37GMIsVb,851 vpVyhr St.,Phoenix,NY,61882
5271,IWNWKGH,UCWkKed,OHrTNwlESk,ZIANwK6O,139 UHtTxT St.,Houston,TX,86709
9381,YkNotBZ,ksGPNpe,JnMIDJPxSX,ESrDNuwq,350 lPVXTR St.,Chicago,TX,40895
5884,yLarXdr,xXHPVvm,wTaTpnfrHg,KEDb6NRW,98 CPzoVT St.,Houston,TX,91686
6460,FmcfczC,sCDsgFd,imIBjpQPGB,wOf3z4NR,939 sYwkRL St.,Phoenix,NY,53495
8038,twzTVJk,FqmdgzT,urBGWqwXUr,StGadjJv,625 WSPKxJ St.,New York,CA,41344
5271,VInAUtS,DjcRATN,vKixhedTlH,GIxqlmOD,565 GEwncc St.,Los Angeles,TX,46564
3660,GMbkrCO,cvjSUiy,zyxGAonYlL,FMyli9l6,546 zsBmCc St.,Phoenix,NY,67046
7018,yodLEFL,GVLhYbB,VANUEoHmci,CHMBU5r6,873 BPMPRz St.,Phoenix,IL,92146
3833,CNDIjch,vnnEeiG,mRUPLHaSBh,QatQzV21,476 sQtdtW St.,Houston,IL,60705
11144,PVRazAg,PzVNidW,qRZUmEVUad,V2owOlxK,18 XNbacY St.,Phoenix,AZ,52326
3660,DeAhGnM,UdJZfiC,YExlMkQbLp,QRSR4SCq,892 EcrrVP St.,Phoenix,TX,63955
4253,TSdNAmD,ACpNWxI,fgPGPeibWO,nQNdZZ9H,168 ESEdbj St.,Chicago,IL,12178
10771,NSPFNOw,bQhtJGQ,QwQKcNDApw,uvfY1wga,860 HffhSu St.,Houston,NY,56511
5884,rMNHSvw,TplqvKg,JdylXftdCs,vvdJAcsn,475 aqPjBK St.,Chicago,CA,59560
9381,vojGjrZ,PTHlSnV,QlYmxwNbad,6QYaasw4,489 nmoEhZ St.,Los Angeles,IL,65350
6460,dxzquBF,jhGFbVh,vrYmxTCcSQ,LzxT4AvP,634 aoYNIt St.,Chicago,IL,26283
4694,zUEnhgq,ZXwMWml,dWFjKRnCDz,jYU7rkD5,524 DSPwfp St.,Los Angeles,NY,85839
4253,wlHyYnO,hduVpNA,UxTReGhPdT,0RnpryBD,248 xRiVFU St.,Houston,NY,25370
6460,pBpvMVq,XrWeOqQ,JOKTGgaRAA,qQKXH6rz,184 nLjKlJ St.,Houston,AZ,27190
3660,jeGPNxW,EfFXZno,vKJDyVRwpn,Njhd01He,44 WFDlAS St.,Houston,TX,62826
6460,DOGlhWz,TUGvvUt,xbHbdpnIAl,0AqrExwH,427 XAyICZ St.,Los Angeles,IL,13157
5271,STljxhO,EsZTkpR,wKFuilgODt,m0EQP2Wn,768 hCIuIR St.,Los Angeles,AZ,70829
4253,wEMKsbW,BaBXhSu,fdmdTYQjAv,a5LrS7yL,515 KiCnrn St.,Houston,CA,43602
4694,jPcnjTn,rKWCCHF,mJCyuvJFaj,Danq6wlO,446 xKtgUY St.,Phoenix,NY,64563
6451,lMumzWI,xXGphuE,UKGkKVNJBR,44auHLBV,650 sKPVjw St.,New York,TX,13972
3833,SpbnALF,AtKvYYv,olAPvDkLVn,FbhSeHfU,780 KUrQvj St.,Chicago,IL,84139
6460,ulBGeFC,VinPEYJ,EfUtVMXndz,oibyXqYY,640 yiJnnu St.,Chicago,TX,41690
5917,dtHHRYT,knNLtPW,aVnEwUyNWM,je3ad9wW,683 UfHEva St.,New York,AZ,81703
10771,JrcPwjI,ogdaifN,WKxvZSNoDR,VMYqjMa5,115 ongSJj St.,Chicago,CA,11154
5884,wopMGFH,MqxSITD,ZFfknxrdiR,a97NbQwQ,405 UjczpX St.,New York,IL,25703
5884,sdmKwWQ,mpPYHob,ZdNBbirnSd,vKt44f79,583 Bamiyd St.,Houston,TX,74721
7018,JltoLsE,rOAqMFd,sFzWWjZuQf,5SWMDW2i,325 XfPlse St.,Phoenix,TX,12996
3660,lrsrvzo,QjStNeP,plDhVOIUUj,rWk3ZEeq,543 OfKWNS St.,New York,IL,91635
3660,HrvtgTW,TiLZjbB,RwKPUmMZfI,g5jUCDiA,383 wGQTEm St.,Houston,NY,93984
6746,upWjYcc,wHEhcQe,DyMgrnbcDk,X8eG0CxU,475 FAwJjE St.,Los Angeles,TX,81141
5271,KBULUfy,APORQAF,NZRqnGHsVj,G684MuFe,836 kNTuYG St.,Chicago,IL,78932
6451,GcwOegD,XCUhanx,QGwOlXoAMj,Jpy4v8nj,267 tSeKPU St.,Phoenix,AZ,45358
8038,wHNxKSM,LdvUSfF,YJFVXZDxCI,GiMe8A8Z,221 IaJwpH St.,Chicago,AZ,86921
6451,QwvltDi,InISXGX,PaXoeAqQlf,cQcjvtjA,230 nEGUJu St.,Phoenix,AZ,77276
6451,kxCBiFt,UDBXVVY,GSKrWHzqjA,wtKVLxVW,319 maypsw St.,Houston,AZ,67603
11144,nYLPSuI,dBwreCq,ZMxVCCfENa,Abf5R4a3,457 QffwDM St.,Phoenix,AZ,51004
10766,ErdPNYJ,gHMICMb,wohuYrcTXB,H6jMIG7r,626 TUUCzS St.,Los Angeles,NY,27933
3660,ayoRvRv,altTnst,VCcmoCtbID,1XDciZBX,284 uceihN St.,New York,CA,10991
11427,KLLpkrX,lgomiQp,AYUpZYmjjU,1yGODaBq,886 AsqPjs St.,New York,TX,43974
7018,YPQhlRD,znJVSVC,opaNHCXRaY,UsxAQqed,89 BjEhdz St.,New York,AZ,81330
9381,zIJzUAf,ldhicgA,pzYGVTDQHY,OztqiYpx,574 BQnJQY St.,Houston,AZ,10080
3989,dobDUXM,fkPvWeM,lwfCWWusTp,mbbUBMtQ,479 ehDKob St.,New York,CA,69677
9381,lEGJbla,WnzqILj,hhMMkSkkuF,uNlbAQwb,819 BbEVEf St.,Phoenix,AZ,59509
4694,pVtthLD,xbeAdAI,GahMHGccLK,eSiH8py9,903 lZDPYL St.,Houston,TX,68573
12844,IRMNOoD,Nxkxefw,CgKNbfhpfP,UzMYM0K6,585 HVDDGK St.,Houston,NY,79031
10766,BoPvEoG,ReQUEZL,bFlpghodvw,4skxynbV,857 XWQnWu St.,Houston,CA,89696
4694,TWSVDcd,QxbhWil,hjOgfTqNQH,J6NkcNOY,613 CsUhQF St.,Chicago,TX,19458
4253,etQvWNW,ZkpLfRD,uLVuyuyuqU,1S93oYHd,305 CyMsnw St.,Phoenix,AZ,55352
3833,UVkIkiF,vCIIQLM,tvEwSTrSvU,HKWj0VQk,836 bwolsZ St.,New York,NY,22686
11427,vuzyAQX,mmcLGiV,jGLlBNszSD,whCwrTeM,627 ydReLY St.,New York,IL,37492
6460,UbLuhGX,XbBWgbv,iZdviTRsOO,mDf0ieSx,57 iGiWPZ St.,New York,NY,94267
11427,cbGeIRu,EVshmCV,kXeXNAygPm,FhGWbreQ,550 FRNfNo St.,New York,IL,77182
6460,vmobAHd,UuJQSfK,iIFbuwdDlH,kpH2xwGw,271 gpswtb St.,Phoenix,CA,81936
3660,vWUestx,nuRCDWA,sEJPPNriRq,oKhgR657,361 NIbyIf St.,New York,AZ,99256
6460,DmqJfhA,jxqaeUV,bStQdeXaWd,1M7lt4yK,769 cveBmL St.,Phoenix,TX,11206
8038,UjDLIWa,wzoOrjt,emLafHOjOM,SlwnOGTX,901 wsToaW St.,Los Angeles,CA,90148
11144,rutdLrl,qfjTEWc,NXSVvRYhCG,eQ6Lb6hT,850 feNmQE St.,Los Angeles,IL,41559
5884,biGWmSm,QpjHNoh,iYADhTxTtt,FWeXRYDp,115 mHeDjM St.,Houston,TX,53167
4595,YqEqyfH,iJzAgve,ntsoyStHxw,Vp3eRxRX,69 itKkPC St.,Chicago,NY,30154
8038,kofhIVW,shXJVFF,mTutEJPBju,DGizqyOK,350 CmKcMX St.,Los Angeles,TX,40208
11144,XfVXYjC,LfBZRJr,WhGwOMltBS,75Yi9BlS,525 pVGdrU St.,Houston,IL,58774
5884,KtSHFyS,LYVdjfb,rdJmRTOIUF,5lEvcjMg,90 kdrhkK St.,New York,IL,91588
4694,wdJbVcf,qFIEybZ,LfudkhMtSp,ez11lDIJ,667 STVxyZ St.,Los Angeles,AZ,13250
6451,OLNGJXX,bucHLKZ,cVahDNBWlo,tUUPy8Qo,664 ycsLaD St.,Houston,AZ,53034
6460,aiNCDMg,KEFBglz,mcdABolVmI,J0HThWGk,756 VBfTmh St.,Los Angeles,NY,72687
4595,DrucjEQ,WZOrtyN,wMOGMCSkKc,MUGzanrr,337 bSkXFB St.,Houston,TX,70028
5271,mWYNSZP,zrmusTy,bdUvasbrlU,2wpshzCV,245 hJemfX St.,Phoenix,TX,86521
4595,hRlRZmn,SvstrYI,onBwyHrvHz,8Kg3V3lv,978 MWVSyU St.,New York,CA,41518
3989,gBoviBU,gNgBXkl,hJXzmHiXCd,cyRiPKND,285 GmWdna St.,Chicago,CA,76236
4253,dlKJztA,YNSWsXg,loksagwkSq,Bnayc4JD,51 IhbEMf St.,New York,CA,30063
5917,VdVKAJq,BPyANEu,msTVrEpUiB,UAgQeItg,167 SDCgKv St.,New York,TX,63028
5271,jYoZnxG,mPhmyoT,dmektfZVhK,Iw2e8ViP,136 TMGDow St.,Los Angeles,TX,40719
4253,pFdLgUk,qJakSfE,UqowWToUZj,WgKKtHz8,937 vGhIyq St.,Phoenix,TX,83244
3989,DVtDcIZ,WhTEJdL,ljQVdjjDSe,otOUzXVR,902 RozNZG St.,Houston,CA,79362
6451,FCugsoB,eeNPpPv,HiRwFHkdng,sQB78wcY,920 gmLFWC St.,Chicago,NY,29489
7018,GtxKUoW,wzeUDdz,gtrtFfYtxp,S7WkSdWi,917 hVTGcr St.,Phoenix,NY,98658
5917,BtpyVhu,vJaivLy,oHGxQxIqZJ,BDMplA1r,529 uyuJRz St.,Los Angeles,CA,39289
6451,TTOnBTS,NYotiDe,xLbCgUhOKg,QS6gO3Ya,475 dhfIOj St.,New York,AZ,33147
5917,llYuhhh,ABqPPGn,HLFRTLtwxT,DdtMUuOW,675 gzcydy St.,Los Angeles,NY,67997
6451,oURIxgx,JLbEekI,GxATCNmSEv,rpq0b1qP,750 iApebN St.,Los Angeles,TX,38283
5917,MBBgtZt,WXSnrMY,eqlgCUnKzF,OH1gzvng,142 HSEqgd St.,Chicago,NY,27332
11427,CAfvkia,JSIRrNa,tbsIZCPRHP,0hHNI6AZ,574 uGodOb St.,Chicago,NY,45750
3833,nZiLVpk,JrZqnCG,wiFIEonUDQ,aSqynco7,627 iIzHKh St.,Phoenix,TX,84003
3833,jlwqeAU,KZivhwz,OvEMzMiTHn,j76me52n,128 OpeUes St.,Houston,NY,16199
12844,MUlcMpO,tfPshPb,OJCGOhytdV,lwXsgecO,590 jGsqEc St.,New York,IL,76216
6460,JRCGLSh,DrQZBjD,LeUWiJkZsk,5HuBiIcK,606 VkfSAC St.,Phoenix,NY,84072
6460,LsodJwl,HWiHXtD,gxMXVmDAVj,4fe36DjE,524 gBgAFa St.,Los Angeles,NY,76079
11427,HlxvUbI,ejDbpAp,hIpkriIFtq,wQBfAL1w,198 tMuPEU St.,Phoenix,IL,86187
6451,TAXoNXo,qtJvdHG,igzPWJRlvT,aSsMM0oU,206 cshpOi St.,Houston,TX,77414
3833,cBvFYbz,CCqBGRS,xjzUfkYRqN,3WCEB1NK,273 dFEXMj St.,Phoenix,AZ,10403
5884,UEBYhDz,PfOdycM,JakhrUJehl,1jebCJGG,420 NzMmXx St.,Chicago,AZ,71978
5917,RwHLnKg,eQYdsoy,LgjsReOowR,HHXBQAnR,714 jTnsTB St.,New York,TX,39729
4253,PXNUKeH,GlHRxLe,vPQkzNtRiV,4X8TL8sR,166 FiwdIk St.,New York,NY,82445
10771,QsIbNrm,ZPYEPVB,vdWgEcHOgI,FuzZWwmg,419 QIywIK St.,New York,TX,49039
5917,krWRyuu,LewKEXa,mkqjOEYbhJ,ZvV05zdk,478 uldrmU St.,Houston,CA,11100
6746,VioDOjE,jxelKvX,lgnAXLIScC,Ek2JkP8h,623 fwEQkh St.,Los Angeles,AZ,91390
4694,IvZudxv,dTgvnqU,rDrNGxWyCS,yHOR7tD3,774 FiniFR St.,Los Angeles,IL,10787
6460,SvVCliW,msnYLCo,WyZrPXYcoz,uhcbBP1O,846 Rgojen St.,New York,CA,32695
11144,nLFOtZL,QacNefL,zQLCKfZaCe,ZU5g1OiP,790 zukFxs St.,Phoenix,AZ,33773
4595,YcZQRDt,rDsVCjG,jCVkVklQgM,l9zrdGk7,988 yQwmTu St.,Phoenix,CA,34855
11427,arPIgqn,qUiuQzu,YmtJRrrQfu,AJLRJ4GZ,797 BRUhoi St.,New York,CA,63604
3660,xuLdKar,sRwkjrp,NVBUhdzpXH,rl3xyqaU,518 NVBERS St.,Los Angeles,NY,45783
5884,LkZDTgk,OWKHwil,ZGcqOHyJFW,bko7roDF,326 BpxdNB St.,Los Angeles,TX,45481
5917,hwUvouD,cOWgYYK,JtCmGTcLzF,7pT4NDTx,845 gwCMhw St.,Los Angeles,AZ,34989
5271,PzCxUaO,IfZpbzF,eeKEJLcoMK,LYrnSF97,166 avLTXC St.,Chicago,CA,89894
3660,TJJlPSs,mbieJWK,RTfNHgbhgv,qYhXnnPI,296 RVgPJs St.,Los Angeles,CA,43265
3989,TIjteJe,fCqOrbF,hZAflSYiXx,sAvjEf5b,900 YzCPtt St.,Phoenix,TX,78850
3989,LGmSUNL,ZnmBzet,bYLERpgIei,z9NoK4kE,332 BpenUU St.,Phoenix,IL,34822
4694,XIdtsFB,DhRZFIW,KXohvbJbEM,rzReDK0M,676 ssVjKv St.,Chicago,NY,12047
3660,LWWQoyh,BqpWbSP,lcLuHHYBxG,F1Rg6Mrw,666 Ykysam St.,Phoenix,CA,29947
11427,oUKgWdB,HTfRtgL,WUZIkvBkop,sDURlUFP,44 hktbeO St.,Los Angeles,NY,91688
10766,tSLWbXC,NScxPft,TOUKHmualg,iZkXFWtz,471 Oabfzf St.,Chicago,AZ,98285
4694,MPUiHeZ,ubSCmBv,nRwZQMAbEB,uZIJ9lR5,766 nXBqMZ St.,Chicago,CA,93323
4694,DHpVyde,CCVLsIG,mqPflHOBvO,kRyY0ycW,582 VpmXoR St.,Houston,CA,34569
11427,nojEYCe,UZmoywx,yGXsckWApV,GlLFYq0T,452 TiCcAT St.,Los Angeles,TX,63881
9381,JBTICoI,jCYhjnJ,BtgpmHyvuo,YZR2WeTm,393 tSCUxP St.,New York,NY,89413
3660,jexyEtX,gzZKdaT,RUPhxzvmuX,KSLPYmIq,264 MYKjiA St.,Phoenix,AZ,69351
5917,JNfIUvC,qJVzXyP,CuXgMcrkGH,hZh5ElWb,569 jQFcmF St.,New York,TX,23524
4595,wLvGmcY,zgWNJZr,oBWKWXEUpB,08nsGbzf,477 wRMtZz St.,Chicago,NY,84056
6746,gFtlVse,Srrufuj,mBEMkVhbsJ,zBhhdhef,369 ItKhwO St.,New York,CA,42402
8038,blfHTux,JUSaatD,ccRZNrxcgZ,sXs2RWy8,185 BmZOEe St.,Chicago,IL,62849
5884,sRkZNLL,DShqgYw,dDXcGVCfxR,d2aYDVdb,474 kVUytA St.,New York,NY,73890
8038,xazaTfI,GCMVKdo,oiMmTUPbiU,ePNUD0fs,510 wixoHT St.,Houston,IL,97375
11427,AwaJwUm,jfBItMC,sODyqDIlui,FUVJssbP,233 YJYvCh St.,New York,NY,35033
9381,AXOHiyB,WdZZTUt,DTEfpWteTg,p5jPfGG0,360 zmDfWf St.,Houston,CA,16967
10771,ZpwAvrp,SipmFWm,UtsIfbavRb,9g8MWDZD,902 xDEgFQ St.,Los Angeles,AZ,87077
5884,BKPBwlL,EzOZLGr,XvgrJTxOTp,gRoY659Q,362 PmvFyC St.,Houston,IL,13286
12844,wfGcPYu,vGgYYnf,IQrfztZBft,jAn9yX2v,315 MMIiKk St.,Houston,IL,19021
10766,dPrPRPV,zCKYerA,EshynJEWhJ,0yDm0MgS,720 mglfFY St.,New York,TX,37276
9381,qsqbfOb,tddPTts,nVFfzsihjS,PoM5uzmI,26 EQbHAR St.,Houston,NY,82772
12844,NWxNKEW,CeVOLFq,JzKvfzYrkK,ZUbgRzh4,140 MBdSJV St.,Los Angeles,CA,94122
11144,LePCzVv,uARhwOW,sSNBpkZjPa,8LwRvMfX,527 ekzoHY St.,Chicago,TX,13976
12844,DlUJbzl,ihOSdaV,ixdCDMvyCO,7UUKJQcy,265 faOPsl St.,Houston,IL,57476
4694,kTvjSEA,TPnsUsA,uVCcyoVPrd,0aheRbcj,833 ZTYWKc St.,Los Angeles,AZ,62367
5271,eZZsiQY,rifNMEf,UeJmbUziuQ,PyuZi7OJ,530 arLufe St.,Phoenix,CA,42642
10766,CRyZzha,EbnzKCt,kqIxKqhZhg,5IooroXt,386 vDHvxo St.,Los Angeles,TX,24723
6451,fSyiftD,GQLUwNc,iULPgLhmuy,lGx30MJw,961 WKfvTe St.,Phoenix,TX,31196
6451,zfHqbRD,uhEBGHK,iHWeZEFcca,lBOos3Jp,945 zgNEDm St.,Los Angeles,CA,37811
6460,MxhkPbD,NijPjXp,PtiRVshAXr,OThQGPSX,8 uHdHZR St.,Los Angeles,AZ,21792
3989,hJTyJxG,DTcQPvi,wsBjQHWARy,XH02DkJ5,249 faEeFK St.,Houston,AZ,88991
4253,aUwHCFu,BlSWeQo,GQEOQbnWxt,mnYuDbl3,127 dDHXSC St.,Los Angeles,AZ,83957
4595,TPANqSQ,ZGyBPxT,UoVNbsewJW,hkSp4cFO,533 SijrmR St.,Los Angeles,AZ,28629
4595,NzzjPIO,ycpiscp,GgrlJGPIuP,S0LtqhnP,889 qIioKA St.,New York,IL,78613
6451,QqjuZiN,SdGCYlQ,zmahBUOBFR,2Mb2lGYS,67 HvQmuk St.,New York,NY,84707
10771,gZwVZji,CKzVCki,hqKFhfWxoy,vdc0Xmvl,753 pLVlLy St.,Houston,TX,53791
11427,ijTPThU,gEzTutl,JgzDTndtDX,quZdhLen,469 CfYPnh St.,Phoenix,AZ,40216
9381,InURfnK,XzEPYBY,uGuuxAZUlB,YN3LBrSW,40 APzLfb St.,Phoenix,CA,12565
5884,fQfntAw,EdKWWok,NFTVNVzruQ,YqBtCMLb,579 PtsNUt St.,Phoenix,IL,27336
3833,tbeGyST,ytmODpS,vzEjOCUEVM,ULBB4hgk,400 RxuAfZ St.,New York,IL,42080
4595,DoUQDBT,MHEXJpv,OEOhBjVwRA,ZYZSSesS,815 UhKRED St.,Phoenix,IL,99660
6460,JBqQCFc,dEhqTji,FzEDeRsvKA,FG4lLC9Z,793 WHrvzl St.,Los Angeles,CA,24053
3833,StVLvyG,yAwagTZ,GEZaVXBSqc,RbvQ6POE,961 WKrkCb St.,New York,AZ,75499
5917,koeCFIF,fjHECJL,zqgXPMpfRa,ahT0m5kt,408 cfIiRl St.,Los Angeles,NY,84733
3660,vyeiiOC,gDhYVeA,hJHxYraWmD,o4wkoCqr,447 wKglLb St.,Los Angeles,TX,80167
5271,uZOQjRd,CZJnQmo,BMDUwwKjww,mx1ftFTb,410 NzGINM St.,Chicago,IL,44179
11427,tlihlvj,AdmiSZL,SgCJYSArUz,WvYnrC0W,594 KADnvn St.,Los Angeles,TX,70374
6451,sREkqvm,RsYTJkJ,LMblyJZsuG,6g0bFf5e,533 LBlXQK St.,Phoenix,CA,70641
6746,KeiMvgy,jEeITio,lRBNwHNYnm,evUNBC2A,797 xYTiqL St.,New York,NY,72056
6451,bECPwbQ,RJJWmha,ECWqyiRtfR,WRjQlYOB,546 dkYHbb St.,Chicago,CA,34945
8038,buxLeJl,tvVcJOc,xdrwxoMQNw,CZtTDhSV,693 hZENQg St.,New York,CA,64989
7018,MSIsSzh,OMWNlYN,dUdkhTHPzD,2xUdJURt,549 qIoIps St.,Chicago,TX,87310
7018,HmglhuL,HsRfsaN,RkGRdGTzhI,wmGOOiL7,684 FHjUUB St.,Phoenix,CA,64339
3660,eIaiObs,jPwofMZ,UOWvHfcfBi,vMyG6RWx,63 EOZlaq St.,Phoenix,IL,37724
6460,atbpjet,KnlDKDR,tGnUuNKudI,U2Q501PU,918 WolMpd St.,Phoenix,TX,91900
12844,zTgQbVa,pjcZIqn,WGEPFVGAsv,q2G4yvkW,428 maeWYM St.,Chicago,AZ,54778
3989,XalvQxS,XwYlZsW,FwipUvnLuI,rSTDNtXK,216 kkCxxx St.,Phoenix,CA,25999
4253,yMUyovh,JdHZcib,UpQJRLkJgK,oXrratJO,689 DKSAVu St.,Phoenix,AZ,33883
3833,RmSwIFE,uleVRsg,WdYwMjxCDy,ddJfe0rX,798 DqapbR St.,Phoenix,IL,79296
4595,hHgzbZz,FcErGor,GDbcADfnEs,hJE8PCFB,246 bcyIgX St.,New York,NY,87962
11144,PTjRSTH,XVayFvB,ZYFusIlllH,FyWppNqv,29 qWrASr St.,Los Angeles,IL,60661
5884,PhLaiXK,rXjCZOF,UYQFGLSlJp,Bc9ZW9sk,517 HRIoOv St.,Houston,NY,78875
5271,fxzaTAa,CHFZFWC,TJYktJqTpQ,SmopCflN,619 BwZNin St.,Phoenix,IL,88432
7018,qXLbiLO,rAlvMob,XwtyNViZER,x8EUFwNl,101 ddoOhW St.,Phoenix,AZ,28185
9381,AkHDByY,ArqSwAI,emSRRwDbEv,vSwTFSbc,92 uXKMIV St.,Chicago,TX,18770
7018,ZCLiVdS,GeaRAKI,wQWRWzRDNk,ZsY95Y4I,458 XeuJDV St.,Houston,IL,20941
10766,aatoNvm,rhzGEMU,LOZmONmcmG,LMJONstj,294 ADAYal St.,Chicago,CA,88156
7018,uiWOSEv,yenIjGL,DiOSSLkMTq,BZURmpuv,338 MGWVul St.,Chicago,IL,49759
11427,OSvnfNG,wEiJXtU,iVyjnnZlBw,W3p7LDzQ,395 sGwMzq St.,Houston,IL,26957
11427,MDSJHaq,QxIWmyG,sOESTNCGHL,iZm0G3ft,333 ZhopxO St.,Phoenix,CA,13895
4595,ZPDvCzX,OiulxfQ,YXkXiHnjWr,BzSpHiWy,11 ApXLEP St.,Los Angeles,IL,46582
3660,PhgbWzC,OCIRGUL,VDHKCnxuVV,d1mNoXIq,703 LdsisM St.,Chicago,TX,73298
6451,QWEdpJc,xsTcgVn,RCNCRKaEzI,YTUPgJb4,27 zxZUcY St.,Chicago,TX,65140
11427,RvJsBPh,JuLXxEr,rdPOOIrpPW,vlvlpQYM,215 VaVpZy St.,Houston,TX,41889
7018,tGgKDll,VzZPxIE,wMADJnxPki,7MTg0geF,794 YFKzpQ St.,Los Angeles,AZ,62913
4694,KMQIoRL,eUNVLbz,mtjwiDTyOB,TOiEK1Np,835 gJTfMp St.,Los Angeles,NY,58160
3989,kzeYIlN,nlkYKxX,ZjmLtNlNDe,tAZdyG2h,687 sytXqI St.,Los Angeles,CA,24035
8038,LzXhnKO,IEykrzV,bTDfTcNsPl,uzBjOvHX,735 EzByfl St.,Phoenix,NY,89144
4253,ikHqPRx,GvmZNtx,syIBSgQpID,BpMVVEU4,650 YKeuWW St.,Chicago,AZ,13703
11427,mNXJQQP,NRWibfy,MsBtunglAd,808Id2il,744 hTGdUB St.,Chicago,IL,57471
4694,KcqTgAq,jOUFGoW,ivYmywTUTM,vM7g7e9f,283 wfhDwa St.,Houston,CA,82137
3989,ocCnCwd,MBxCbgf,YRtPkCjsRK,xSPIzOoe,509 wMQOhV St.,Chicago,NY,38639
10771,gXytdAd,EpMIJir,PcxHclgtHI,WOE2JN4b,956 OHiMpR St.,Los Angeles,CA,37562
9381,QKXrGTd,dGGORue,ImJGwgrEjU,aSEUWDQU,103 hAHXfD St.,Los Angeles,IL,56737
4694,VptPkaL,xlSVaMm,cWWqcfUJoc,3KeYpBtf,682 mSgQQC St.,Los Angeles,NY,17148
3660,pCqKTHE,mpmcwdF,SplfKvANWJ,msenCA1p,443 eoyPlu St.,Phoenix,TX,88130
3989,rCgkeJt,sSeeINI,UriHcFJfMn,ZbcUmxln,489 vtwHCt St.,New York,IL,42342
4694,YZKrMWg,slatyji,vAfVbuClLM,6SLsEHCt,449 UYikJt St.,Chicago,CA,25193
10771,lkSFLOk,jRKYtFb,ENhGzefUfk,L2YRhf5Q,583 wsjDOx St.,Los Angeles,NY,45454
6451,GlyitTd,LMXGNvR,VWXkQGrzJo,SxuUxD7C,27 rWiTCV St.,Phoenix,CA,13439
