1,Duong,Pham,duong.pham@example.com,e6c3da5b20,175 Nguyen Trai,Da Nang,DN,686758
2,Tung,Do,tung.do@example.com,1ba3d16e98,975 Tran Phu,Da Nang,DN,745360
3,Quynh,Ho,quynh.ho@example.com,3acb59306e,749 Tran Phu,Da Nang,DN,220984
4,Chau,Duong,chau.duong@example.com,a417b5dc3d,189 Nguyen Trai,Hai Phong,HP,527637
5,Thanh,Ngo,thanh.ngo@example.com,0eeac81717,621 Hoang Hoa Tham,Ha Noi,HN,852394
6,Van,Ngo,van.ngo@example.com,5c4950c94a,429 Tran Phu,Nghe An,NA,517115
7,Dung,Bui,dung.bui@example.com,1526f5e0e3,718 Le Loi,Hai Phong,HP,645538
8,Son,Vu,son.vu@example.com,c8fea5b0b7,22 Le Loi,Hue,HUE,547394
9,Thanh,Pham,thanh.pham@example.com,2d4589473f,234 Nguyen Trai,Ho Chi Minh,HCM,330822
10,Nam,Tran,nam.tran@example.com,b35892cb8b,264 Tran Phu,Hue,HUE,841137
11,Hung,Nguyen,hung.nguyen@example.com,8057f787eb,142 Hoang Hoa Tham,Hai Phong,HP,760265
12,Chau,Ho,chau.ho@example.com,fdac810d0c,585 Tran Phu,Nam Dinh,ND,143155
13,Thanh,Tran,thanh.tran@example.com,1e53de2a2b,369 Hoang Hoa Tham,Thanh Hoa,TH,435999
14,Quynh,Hoang,quynh.hoang@example.com,b78f249539,167 Tran Phu,Nghe An,NA,982553
15,Chau,Ngo,chau.ngo@example.com,b5a4ec8690,710 Pham Van Dong,Hue,HUE,636773
16,Thao,Phan,thao.phan@example.com,f0c28ba3fd,799 Nguyen Trai,Nam Dinh,ND,726703
17,Hai,Dang,hai.dang@example.com,4a6b7fa040,691 Le Loi,Nam Dinh,ND,456945
18,Quynh,Do,quynh.do@example.com,b99ddd77e5,59 Hoang Hoa Tham,Ho Chi Minh,HCM,470971
19,Quang,Vu,quang.vu@example.com,8714310530,887 Pham Van Dong,Can Tho,CT,745830
20,Hai,Huynh,hai.huynh@example.com,51d1102403,900 Nguyen Trai,Ha Noi,HN,205379
21,Dung,Ngo,dung.ngo@example.com,2d6b3bb57c,150 Hoang Hoa Tham,Hue,HUE,381978
22,Viet,Ho,viet.ho@example.com,d0f82756c4,564 Tran Phu,Ha Noi,HN,193161
23,Binh,Phan,binh.phan@example.com,8893186d24,260 Tran Phu,Nam Dinh,ND,727449
24,Nam,Phan,nam.phan@example.com,cafdc894ea,298 Le Loi,Ha Noi,HN,531206
25,Viet,Ngo,viet.ngo@example.com,0028e1c0d2,986 Hoang Hoa Tham,Ha Nam,HN1,140102
26,Quynh,Do,quynh.do@example.com,45e17065dd,650 Le Loi,Hai Phong,HP,298418
27,Binh,Ho,binh.ho@example.com,43b3ec9ea3,393 Nguyen Trai,Nam Dinh,ND,982967
28,Ha,Vu,ha.vu@example.com,034a0cdf07,671 Nguyen Trai,Ha Nam,HN1,676115
29,Ngoc,Huynh,ngoc.huynh@example.com,53f6f072e2,895 Nguyen Trai,Ho Chi Minh,HCM,978525
30,Chau,Duong,chau.duong@example.com,85fcbe6bf8,320 Nguyen Trai,Ha Noi,HN,387341
31,Hung,Dang,hung.dang@example.com,3b3ad733c8,351 Pham Van Dong,Ha Nam,HN1,244553
32,Minh,Tran,minh.tran@example.com,451a8149eb,324 Tran Phu,Ha Nam,HN1,758302
33,Hung,Hoang,hung.hoang@example.com,0756810289,260 Pham Van Dong,Ha Nam,HN1,498348
34,Dung,Hoang,dung.hoang@example.com,94cd5db06b,481 Tran Phu,Hai Phong,HP,514644
35,Linh,Le,linh.le@example.com,5a66c7ba13,297 Tran Phu,Da Nang,DN,570860
36,Nam,Huynh,nam.huynh@example.com,133f8a0510,466 Tran Phu,Thanh Hoa,TH,790028
37,Van,Dang,van.dang@example.com,1a31ac086e,455 Hoang Hoa Tham,Thanh Hoa,TH,904607
38,Hung,Nguyen,hung.nguyen@example.com,b64171fda7,882 Tran Phu,Hue,HUE,176280
39,Quang,Huynh,quang.huynh@example.com,099646084a,933 Pham Van Dong,Hue,HUE,373841
40,Van,Ho,van.ho@example.com,d88a53cd8f,599 Le Loi,Ho Chi Minh,HCM,697633
41,Ngoc,Tran,ngoc.tran@example.com,a8a5146b1f,426 Tran Phu,Can Tho,CT,592035
42,Duong,Vu,duong.vu@example.com,de3543c757,528 Tran Phu,Nam Dinh,ND,675608
43,Tung,Nguyen,tung.nguyen@example.com,db9aa0719d,388 Nguyen Trai,Thanh Hoa,TH,383994
44,Viet,Ngo,viet.ngo@example.com,147eb7dd0f,6 Le Loi,Ha Noi,HN,633195
45,Thanh,Ly,thanh.ly@example.com,64bf83fcf1,818 Nguyen Trai,Nam Dinh,ND,555076
46,Duong,Bui,duong.bui@example.com,3f1b954c84,832 Nguyen Trai,Da Nang,DN,474325
47,Thanh,Hoang,thanh.hoang@example.com,dbb70b94b6,390 Le Loi,Nam Dinh,ND,407958
48,Ha,Vu,ha.vu@example.com,ffe4daf45a,278 Le Loi,Ha Nam,HN1,373995
49,Minh,Ho,minh.ho@example.com,a0c69ae7ad,533 Tran Phu,Ha Nam,HN1,743225
50,Quynh,Phan,quynh.phan@example.com,be46e03449,34 Le Loi,Da Nang,DN,855040
51,Van,Dang,van.dang@example.com,cc35e4b303,485 Hoang Hoa Tham,Ho Chi Minh,HCM,904254
52,Tung,Ho,tung.ho@example.com,f511f615cd,690 Pham Van Dong,Nghe An,NA,366419
53,Son,Dang,son.dang@example.com,f75b853a45,483 Pham Van Dong,Ha Nam,HN1,330411
54,Thanh,Ngo,thanh.ngo@example.com,db383db866,513 Le Loi,Ho Chi Minh,HCM,907803
55,Viet,Ly,viet.ly@example.com,d6f7adabab,609 Pham Van Dong,Ha Nam,HN1,639774
56,Binh,Vu,binh.vu@example.com,bacb5d03be,164 Pham Van Dong,Ha Nam,HN1,894990
57,Viet,Le,viet.le@example.com,3b356cdbae,145 Nguyen Trai,Ha Nam,HN1,765488
58,Trang,Huynh,trang.huynh@example.com,daa7c4bc3f,968 Tran Phu,Ho Chi Minh,HCM,665645
59,Viet,Ho,viet.ho@example.com,e5e0e771c9,604 Tran Phu,Da Nang,DN,903465
60,Thao,Dang,thao.dang@example.com,598ed9422e,786 Tran Phu,Can Tho,CT,321436
61,Van,Tran,van.tran@example.com,da3df0f1c1,328 Le Loi,Hai Phong,HP,733501
62,Hung,Duong,hung.duong@example.com,9b857dc1d1,709 Hoang Hoa Tham,Nghe An,NA,417697
63,Thanh,Tran,thanh.tran@example.com,7e251ea07d,496 Pham Van Dong,Nghe An,NA,197461
64,Hung,Nguyen,hung.nguyen@example.com,51031e17ce,405 Hoang Hoa Tham,Nghe An,NA,249029
65,Tung,Ly,tung.ly@example.com,3c62426f46,119 Hoang Hoa Tham,Da Nang,DN,994746
66,Ngoc,Nguyen,ngoc.nguyen@example.com,06599c96e5,401 Nguyen Trai,Ho Chi Minh,HCM,965616
67,Nam,Le,nam.le@example.com,8a110e75a8,806 Nguyen Trai,Hai Phong,HP,124873
68,Son,Vu,son.vu@example.com,5a583fab00,273 Hoang Hoa Tham,Ho Chi Minh,HCM,149360
69,Hung,Huynh,hung.huynh@example.com,667d45d6d5,278 Le Loi,Ho Chi Minh,HCM,333430
70,Thanh,Le,thanh.le@example.com,44b6dadf98,595 Tran Phu,Nam Dinh,ND,326888
71,Dung,Le,dung.le@example.com,a06afaf373,585 Le Loi,Nam Dinh,ND,706847
72,Anh,Nguyen,anh.nguyen@example.com,79db1e2256,74 Le Loi,Ha Noi,HN,443160
73,Nam,Pham,nam.pham@example.com,25ac9b17f8,25 Pham Van Dong,Hue,HUE,350347
74,Quang,Le,quang.le@example.com,efacf97ed6,398 Tran Phu,Thanh Hoa,TH,879615
75,Ha,Bui,ha.bui@example.com,aaa88f1209,580 Pham Van Dong,Ha Nam,HN1,861459
76,Minh,Le,minh.le@example.com,55e315face,792 Nguyen Trai,Thanh Hoa,TH,897722
77,Quang,Pham,quang.pham@example.com,2590d18604,645 Hoang Hoa Tham,Ha Nam,HN1,973446
78,Thanh,Ho,thanh.ho@example.com,70dfb731f9,279 Hoang Hoa Tham,Da Nang,DN,969100
79,Viet,Tran,viet.tran@example.com,f46c534ea1,538 Hoang Hoa Tham,Hai Phong,HP,115498
80,Dung,Do,dung.do@example.com,a5276c2411,71 Tran Phu,Nam Dinh,ND,971921
81,Binh,Le,binh.le@example.com,7137bc5132,746 Tran Phu,Thanh Hoa,TH,512969
82,Thanh,Phan,thanh.phan@example.com,ca619acdad,60 Nguyen Trai,Da Nang,DN,650236
83,Thao,Nguyen,thao.nguyen@example.com,dd76076f40,410 Hoang Hoa Tham,Nghe An,NA,236647
84,Minh,Ly,minh.ly@example.com,11ee91bdbb,845 Nguyen Trai,Thanh Hoa,TH,651317
85,Ngoc,Phan,ngoc.phan@example.com,cfecdf5846,435 Hoang Hoa Tham,Ho Chi Minh,HCM,597814
86,Dung,Vu,dung.vu@example.com,3c0c8e2f05,749 Hoang Hoa Tham,Thanh Hoa,TH,374204
87,Dung,Pham,dung.pham@example.com,4a2efe616f,853 Tran Phu,Nam Dinh,ND,600408
88,Ha,Bui,ha.bui@example.com,1d45a36925,262 Tran Phu,Hue,HUE,484509
89,Hung,Do,hung.do@example.com,9d57ee06aa,61 Hoang Hoa Tham,Thanh Hoa,TH,459478
90,Viet,Ly,viet.ly@example.com,a4273f882c,740 Tran Phu,Ha Nam,HN1,403658
91,Van,Ho,van.ho@example.com,7f6ceca338,987 Le Loi,Can Tho,CT,396995
92,Binh,Ho,binh.ho@example.com,905026a6dd,790 Le Loi,Hue,HUE,629669
93,Nam,Ho,nam.ho@example.com,3dcc4d43a9,35 Hoang Hoa Tham,Hue,HUE,974447
94,Ha,Huynh,ha.huynh@example.com,3fdd6e2fca,849 Tran Phu,Can Tho,CT,585684
95,Anh,Ho,anh.ho@example.com,b3f20ff60a,103 Nguyen Trai,Nam Dinh,ND,993255
96,Minh,Do,minh.do@example.com,38ee64c8e2,887 Le Loi,Ho Chi Minh,HCM,316268
97,Hai,Le,hai.le@example.com,7f5106053c,947 Le Loi,Thanh Hoa,TH,928670
98,Thanh,Ho,thanh.ho@example.com,125e175312,92 Tran Phu,Hue,HUE,616791
99,Anh,Huynh,anh.huynh@example.com,ab2f50fe82,571 Tran Phu,Nam Dinh,ND,433247
100,Quynh,Phan,quynh.phan@example.com,29bf72f8d8,76 Hoang Hoa Tham,Ho Chi Minh,HCM,677586
101,Dung,Bui,dung.bui@example.com,2bd2a83338,473 Hoang Hoa Tham,Da Nang,DN,763312
102,Van,Phan,van.phan@example.com,68b5aa742a,787 Hoang Hoa Tham,Can Tho,CT,502290
103,Anh,Pham,anh.pham@example.com,9e436b2455,42 Le Loi,Nam Dinh,ND,348721
104,Van,Duong,van.duong@example.com,34158b36b0,110 Le Loi,Thanh Hoa,TH,820442
105,Chau,Dang,chau.dang@example.com,acb3085ac0,739 Nguyen Trai,Thanh Hoa,TH,442833
106,Linh,Phan,linh.phan@example.com,d0f775036f,122 Hoang Hoa Tham,Hai Phong,HP,946573
107,Tung,Do,tung.do@example.com,225adbca5f,819 Pham Van Dong,Can Tho,CT,154157
108,Linh,Ly,linh.ly@example.com,02548935a1,466 Nguyen Trai,Ha Nam,HN1,250456
109,Dung,Le,dung.le@example.com,cf78821e30,906 Nguyen Trai,Hai Phong,HP,715427
110,Ha,Tran,ha.tran@example.com,8f3b97e5c3,93 Tran Phu,Ha Nam,HN1,451420
111,Van,Ho,van.ho@example.com,b2c56341cc,317 Le Loi,Hue,HUE,949909
112,Quynh,Nguyen,quynh.nguyen@example.com,a1f5626f39,948 Tran Phu,Hue,HUE,281460
113,Nam,Bui,nam.bui@example.com,d2d8fdd3e1,67 Pham Van Dong,Can Tho,CT,389349
114,Phong,Ho,phong.ho@example.com,6a4ca776c3,536 Le Loi,Nghe An,NA,480473
115,Anh,Le,anh.le@example.com,62fbf022ff,515 Tran Phu,Ha Noi,HN,287374
116,Quang,Phan,quang.phan@example.com,747ff88fd5,568 Pham Van Dong,Ha Nam,HN1,142035
117,Minh,Ho,minh.ho@example.com,96a194c82b,306 Pham Van Dong,Hue,HUE,557208
118,Viet,Nguyen,viet.nguyen@example.com,b48166b608,91 Nguyen Trai,Da Nang,DN,260531
119,Phong,Huynh,phong.huynh@example.com,3f5a78fdff,989 Le Loi,Da Nang,DN,831697
120,Phong,Tran,phong.tran@example.com,8fca772f84,227 Tran Phu,Ha Nam,HN1,282419
121,Nam,Ho,nam.ho@example.com,3fe239dfb6,559 Le Loi,Can Tho,CT,641965
122,Duong,Vu,duong.vu@example.com,882363cd1c,289 Tran Phu,Can Tho,CT,429354
123,Tung,Ly,tung.ly@example.com,9b8769a4a7,211 Pham Van Dong,Nam Dinh,ND,219054
124,Nam,Vu,nam.vu@example.com,67da66db02,146 Tran Phu,Hai Phong,HP,400885
125,Son,Vu,son.vu@example.com,51e126a6e7,433 Le Loi,Nam Dinh,ND,822811
126,Linh,Phan,linh.phan@example.com,94fdd9e803,65 Tran Phu,Ha Noi,HN,648761
127,Binh,Bui,binh.bui@example.com,b2aa392914,163 Nguyen Trai,Ha Nam,HN1,662509
128,Thanh,Ngo,thanh.ngo@example.com,c9148c9fd5,430 Nguyen Trai,Ho Chi Minh,HCM,953201
129,Quang,Ho,quang.ho@example.com,2a8eccf031,256 Hoang Hoa Tham,Thanh Hoa,TH,671422
130,Quynh,Nguyen,quynh.nguyen@example.com,6f3c808b0c,480 Hoang Hoa Tham,Ho Chi Minh,HCM,794963
131,Thao,Le,thao.le@example.com,c1d0950506,677 Le Loi,Nghe An,NA,199866
132,Binh,Pham,binh.pham@example.com,3093792674,153 Pham Van Dong,Ha Nam,HN1,571681
133,Dung,Phan,dung.phan@example.com,b842b6339c,563 Nguyen Trai,Ha Noi,HN,859961
134,Trang,Nguyen,trang.nguyen@example.com,2e8f49f909,467 Tran Phu,Ho Chi Minh,HCM,432584
135,Nam,Pham,nam.pham@example.com,9b1b6a5245,306 Tran Phu,Hai Phong,HP,142142
136,Anh,Huynh,anh.huynh@example.com,4450bf0c02,295 Pham Van Dong,Thanh Hoa,TH,952114
137,Thanh,Hoang,thanh.hoang@example.com,00f78aff5b,783 Nguyen Trai,Da Nang,DN,965670
138,Duong,Phan,duong.phan@example.com,bc647ef28b,993 Tran Phu,Ho Chi Minh,HCM,365561
139,Duong,Dang,duong.dang@example.com,b883dc59e8,500 Tran Phu,Nghe An,NA,229118
140,Minh,Hoang,minh.hoang@example.com,c5585b8e64,963 Nguyen Trai,Thanh Hoa,TH,587800
141,Hung,Dang,hung.dang@example.com,cd75d9010f,413 Pham Van Dong,Ha Nam,HN1,611225
142,Ha,Hoang,ha.hoang@example.com,b2db914133,610 Hoang Hoa Tham,Nghe An,NA,863639
143,Chau,Tran,chau.tran@example.com,c3b8746972,512 Tran Phu,Ha Nam,HN1,375694
144,Hai,Ho,hai.ho@example.com,8a46261b0b,543 Nguyen Trai,Da Nang,DN,252137
145,Viet,Phan,viet.phan@example.com,0738f94c47,854 Nguyen Trai,Da Nang,DN,423835
146,Phong,Duong,phong.duong@example.com,2b9a57088c,687 Pham Van Dong,Ho Chi Minh,HCM,817838
147,Chau,Dang,chau.dang@example.com,7a6ae0b891,787 Nguyen Trai,Ha Nam,HN1,831026
148,Duong,Do,duong.do@example.com,228410cc8b,818 Hoang Hoa Tham,Da Nang,DN,667806
149,Hai,Ly,hai.ly@example.com,8518dd4530,994 Hoang Hoa Tham,Hue,HUE,245769
150,Phong,Do,phong.do@example.com,963f65f9d1,322 Pham Van Dong,Nam Dinh,ND,251774
151,Linh,Huynh,linh.huynh@example.com,b9d7319cf0,887 Nguyen Trai,Ho Chi Minh,HCM,151114
152,Van,Hoang,van.hoang@example.com,e9488e9209,355 Tran Phu,Hai Phong,HP,822880
153,Ha,Vu,ha.vu@example.com,5419cfef2f,320 Tran Phu,Da Nang,DN,894261
154,Dung,Vu,dung.vu@example.com,cd16fa4307,210 Hoang Hoa Tham,Can Tho,CT,508863
155,Hai,Do,hai.do@example.com,f1d4adbad6,687 Hoang Hoa Tham,Hue,HUE,596719
156,Quang,Duong,quang.duong@example.com,b90397a77e,799 Nguyen Trai,Da Nang,DN,609231
157,Anh,Phan,anh.phan@example.com,67977a0a44,95 Le Loi,Ha Noi,HN,510995
158,Hung,Ngo,hung.ngo@example.com,da8977c150,155 Nguyen Trai,Nam Dinh,ND,345207
159,Minh,Bui,minh.bui@example.com,444420659b,748 Pham Van Dong,Ha Noi,HN,262673
160,Son,Duong,son.duong@example.com,00c1956e5d,298 Nguyen Trai,Thanh Hoa,TH,430743
161,Thao,Huynh,thao.huynh@example.com,1971d8d564,327 Nguyen Trai,Hai Phong,HP,974736
162,Duong,Duong,duong.duong@example.com,ce0cc5d6aa,75 Tran Phu,Ha Nam,HN1,894718
163,Viet,Vu,viet.vu@example.com,14970d5553,487 Hoang Hoa Tham,Nam Dinh,ND,407904
164,Phong,Pham,phong.pham@example.com,4f40d5ea6b,487 Hoang Hoa Tham,Ho Chi Minh,HCM,870607
165,Son,Duong,son.duong@example.com,d185f2b0f8,874 Tran Phu,Hai Phong,HP,212235
166,Thanh,Tran,thanh.tran@example.com,c40832c56b,77 Hoang Hoa Tham,Ho Chi Minh,HCM,774603
167,Ha,Nguyen,ha.nguyen@example.com,f119146b40,827 Nguyen Trai,Hue,HUE,704273
168,Thao,Pham,thao.pham@example.com,5cba853b36,91 Hoang Hoa Tham,Nghe An,NA,386793
169,Hung,Tran,hung.tran@example.com,4af8d96592,208 Nguyen Trai,Nghe An,NA,716154
170,Minh,Ngo,minh.ngo@example.com,f08c71d147,918 Nguyen Trai,Da Nang,DN,277540
171,Ha,Ly,ha.ly@example.com,a8e746a7f2,421 Pham Van Dong,Ha Nam,HN1,537065
172,Duong,Phan,duong.phan@example.com,4e198562e9,916 Le Loi,Can Tho,CT,967258
173,Phong,Ngo,phong.ngo@example.com,d20ffef6f9,520 Hoang Hoa Tham,Da Nang,DN,877901
174,Son,Le,son.le@example.com,3c970d58b0,543 Pham Van Dong,Ha Noi,HN,155697
175,Son,Pham,son.pham@example.com,5aaf677bd8,47 Pham Van Dong,Hue,HUE,481685
176,Ngoc,Bui,ngoc.bui@example.com,104266cc04,316 Hoang Hoa Tham,Hue,HUE,803801
177,Chau,Pham,chau.pham@example.com,5cd72b9bba,630 Nguyen Trai,Thanh Hoa,TH,825094
178,Viet,Huynh,viet.huynh@example.com,956faeec27,580 Pham Van Dong,Thanh Hoa,TH,307633
179,Thanh,Huynh,thanh.huynh@example.com,8e8225ca92,942 Hoang Hoa Tham,Da Nang,DN,497834
180,Quynh,Tran,quynh.tran@example.com,450bf5e97f,123 Pham Van Dong,Ha Noi,HN,188092
181,Anh,Vu,anh.vu@example.com,e60f65cdc1,547 Tran Phu,Nam Dinh,ND,197216
182,Van,Le,van.le@example.com,5a258638f0,159 Tran Phu,Ho Chi Minh,HCM,590897
183,Hai,Ly,hai.ly@example.com,7714695bf0,442 Le Loi,Ho Chi Minh,HCM,418324
184,Quang,Ngo,quang.ngo@example.com,a459eec8f8,991 Nguyen Trai,Hue,HUE,755798
185,Chau,Vu,chau.vu@example.com,deef99d335,722 Hoang Hoa Tham,Hai Phong,HP,717086
186,Dung,Ly,dung.ly@example.com,7dfb019cb9,392 Nguyen Trai,Thanh Hoa,TH,686476
187,Thanh,Phan,thanh.phan@example.com,1bf3064b71,651 Tran Phu,Ha Nam,HN1,231711
188,Trang,Phan,trang.phan@example.com,4de66ca948,422 Nguyen Trai,Hai Phong,HP,815566
189,Thao,Ho,thao.ho@example.com,1915ea8a41,609 Pham Van Dong,Nam Dinh,ND,184890
190,Hai,Ly,hai.ly@example.com,7759c9a5a8,870 Tran Phu,Nghe An,NA,983979
191,Ha,Hoang,ha.hoang@example.com,6d5b63fbb2,264 Nguyen Trai,Can Tho,CT,667396
192,Chau,Tran,chau.tran@example.com,4a31314b88,589 Le Loi,Hai Phong,HP,472085
193,Anh,Ly,anh.ly@example.com,d99d67863f,391 Le Loi,Thanh Hoa,TH,577125
194,Ha,Nguyen,ha.nguyen@example.com,e4c911e848,824 Nguyen Trai,Nghe An,NA,686964
195,Duong,Ly,duong.ly@example.com,e3f983a118,911 Pham Van Dong,Nghe An,NA,169487
196,Trang,Ho,trang.ho@example.com,45bd6b371d,846 Hoang Hoa Tham,Ha Nam,HN1,269850
197,Van,Tran,van.tran@example.com,f0ce3dcabd,267 Pham Van Dong,Hai Phong,HP,313581
198,Ha,Ho,ha.ho@example.com,409531cd7d,700 Tran Phu,Hue,HUE,182906
199,Quang,Ho,quang.ho@example.com,0eaa0730cc,7 Hoang Hoa Tham,Da Nang,DN,320319
200,Viet,Phan,viet.phan@example.com,311514b634,664 Hoang Hoa Tham,Ha Nam,HN1,355646
201,Hai,Duong,hai.duong@example.com,da4846985e,40 Le Loi,Ho Chi Minh,HCM,520644
202,Hung,Le,hung.le@example.com,b5cef39c42,684 Pham Van Dong,Ho Chi Minh,HCM,956460
203,Ngoc,Bui,ngoc.bui@example.com,f79f7a3c51,915 Le Loi,Thanh Hoa,TH,594420
204,Van,Ngo,van.ngo@example.com,330cda373d,407 Le Loi,Ha Noi,HN,186067
205,Trang,Ly,trang.ly@example.com,1f1135f3ba,72 Hoang Hoa Tham,Nghe An,NA,232122
206,Trang,Duong,trang.duong@example.com,acc0593572,794 Pham Van Dong,Can Tho,CT,790384
207,Thanh,Bui,thanh.bui@example.com,0ad5a10067,674 Le Loi,Ho Chi Minh,HCM,592135
208,Dung,Do,dung.do@example.com,152fee8fc7,403 Hoang Hoa Tham,Thanh Hoa,TH,926403
209,Chau,Ngo,chau.ngo@example.com,bcea7c9de9,823 Pham Van Dong,Ha Noi,HN,332218
210,Son,Ngo,son.ngo@example.com,6b56e8bf3f,680 Le Loi,Thanh Hoa,TH,446905
211,Duong,Do,duong.do@example.com,0c74539ebb,708 Tran Phu,Da Nang,DN,655912
212,Son,Huynh,son.huynh@example.com,acda2617fe,362 Tran Phu,Ha Noi,HN,735537
213,Viet,Tran,viet.tran@example.com,403846274e,475 Nguyen Trai,Can Tho,CT,633790
214,Tung,Bui,tung.bui@example.com,da241575fc,792 Nguyen Trai,Thanh Hoa,TH,757654
215,Phong,Vu,phong.vu@example.com,44593ad77d,493 Hoang Hoa Tham,Nam Dinh,ND,236504
216,Van,Ly,van.ly@example.com,6a345d6d21,152 Nguyen Trai,Hue,HUE,309509
217,Anh,Dang,anh.dang@example.com,f52515f3ee,669 Le Loi,Ha Noi,HN,922746
218,Trang,Do,trang.do@example.com,062d23aa42,913 Pham Van Dong,Nam Dinh,ND,924830
219,Hai,Pham,hai.pham@example.com,cf3dafd9d1,150 Tran Phu,Hai Phong,HP,787659
220,Van,Do,van.do@example.com,280ef98070,886 Hoang Hoa Tham,Hai Phong,HP,884433
221,Linh,Bui,linh.bui@example.com,78bfe8abc6,297 Tran Phu,Da Nang,DN,177349
222,Trang,Le,trang.le@example.com,0be5449fd7,746 Pham Van Dong,Ha Nam,HN1,181407
223,Ngoc,Ho,ngoc.ho@example.com,643663941c,870 Tran Phu,Ha Noi,HN,885685
224,Thanh,Nguyen,thanh.nguyen@example.com,a8d1c5a164,865 Le Loi,Nam Dinh,ND,484058
225,Chau,Do,chau.do@example.com,91186c578e,414 Nguyen Trai,Da Nang,DN,509105
226,Nam,Vu,nam.vu@example.com,2c5e294fcc,356 Hoang Hoa Tham,Hai Phong,HP,666692
227,Chau,Huynh,chau.huynh@example.com,bfe83893fb,674 Nguyen Trai,Hue,HUE,137980
228,Linh,Le,linh.le@example.com,f535a123ce,679 Nguyen Trai,Thanh Hoa,TH,246753
229,Trang,Duong,trang.duong@example.com,64fb7ccff8,987 Hoang Hoa Tham,Hai Phong,HP,653215
230,Thanh,Phan,thanh.phan@example.com,e04d7ecb9d,427 Pham Van Dong,Nam Dinh,ND,894295
231,Nam,Hoang,nam.hoang@example.com,42ac396766,275 Pham Van Dong,Ha Nam,HN1,261783
232,Linh,Phan,linh.phan@example.com,ec652ebb5a,356 Tran Phu,Hai Phong,HP,282959
233,Linh,Tran,linh.tran@example.com,f4d42d47d2,123 Le Loi,Can Tho,CT,945529
234,Viet,Le,viet.le@example.com,3c8b8ed340,514 Nguyen Trai,Hai Phong,HP,714381
235,Ha,Ho,ha.ho@example.com,3b18c897ad,351 Le Loi,Da Nang,DN,776561
236,Hung,Le,hung.le@example.com,ce07bfbfaf,589 Pham Van Dong,Hue,HUE,751066
237,Thao,Ho,thao.ho@example.com,2ff5d597bb,557 Nguyen Trai,Ho Chi Minh,HCM,410642
238,Thao,Do,thao.do@example.com,198bce6b72,109 Tran Phu,Hue,HUE,179404
239,Ngoc,Hoang,ngoc.hoang@example.com,e1d1cc435d,572 Nguyen Trai,Hue,HUE,789254
240,Van,Vu,van.vu@example.com,5efb93d3d1,849 Le Loi,Da Nang,DN,240511
241,Viet,Ly,viet.ly@example.com,0bf5a90660,352 Nguyen Trai,Ha Nam,HN1,323523
242,Ngoc,Vu,ngoc.vu@example.com,4e7e424c25,341 Le Loi,Nam Dinh,ND,398818
243,Van,Tran,van.tran@example.com,9951bdee66,153 Pham Van Dong,Nghe An,NA,893802
244,Ha,Ngo,ha.ngo@example.com,429994433b,883 Pham Van Dong,Nghe An,NA,339918
245,Anh,Do,anh.do@example.com,516696fd81,39 Hoang Hoa Tham,Ha Nam,HN1,324133
246,Hung,Tran,hung.tran@example.com,f54a11a009,686 Nguyen Trai,Da Nang,DN,514861
247,Chau,Huynh,chau.huynh@example.com,7e9885c7f2,332 Pham Van Dong,Ha Noi,HN,416598
248,Thanh,Pham,thanh.pham@example.com,272142c32f,823 Pham Van Dong,Ha Nam,HN1,781945
249,Son,Hoang,son.hoang@example.com,bc54e615f3,224 Hoang Hoa Tham,Thanh Hoa,TH,596204
250,Chau,Huynh,chau.huynh@example.com,5476efd13d,709 Le Loi,Ha Noi,HN,880259
251,Duong,Bui,duong.bui@example.com,31b2ddf043,92 Nguyen Trai,Nghe An,NA,963843
252,Minh,Le,minh.le@example.com,9d89d49c93,205 Pham Van Dong,Hai Phong,HP,276811
253,Duong,Pham,duong.pham@example.com,d34f02a2c5,808 Pham Van Dong,Hue,HUE,219946
254,Quynh,Ho,quynh.ho@example.com,ad635abd09,104 Tran Phu,Nam Dinh,ND,685458
255,Tung,Bui,tung.bui@example.com,37bed248c1,655 Tran Phu,Nghe An,NA,322703
256,Quang,Le,quang.le@example.com,c486146598,277 Le Loi,Can Tho,CT,899111
257,Minh,Bui,minh.bui@example.com,58370301c5,369 Le Loi,Da Nang,DN,587197
258,Linh,Vu,linh.vu@example.com,6167a628ef,466 Tran Phu,Nam Dinh,ND,719134
259,Hai,Le,hai.le@example.com,68674e310c,553 Hoang Hoa Tham,Nghe An,NA,874936
260,Trang,Ngo,trang.ngo@example.com,11ed82b3bd,279 Tran Phu,Nghe An,NA,574065
261,Thao,Huynh,thao.huynh@example.com,a32ae9f2e8,826 Le Loi,Hue,HUE,715797
262,Quang,Pham,quang.pham@example.com,f48eb70451,436 Tran Phu,Da Nang,DN,435700
263,Ha,Ngo,ha.ngo@example.com,03ddf3a62a,188 Tran Phu,Hue,HUE,223821
264,Hai,Ho,hai.ho@example.com,7651215390,8 Tran Phu,Thanh Hoa,TH,652266
265,Binh,Do,binh.do@example.com,a9391262a8,702 Nguyen Trai,Hue,HUE,726424
266,Viet,Tran,viet.tran@example.com,f191d35a2a,2 Le Loi,Ha Noi,HN,326178
267,Chau,Vu,chau.vu@example.com,4fef1fe8c4,594 Pham Van Dong,Da Nang,DN,551634
268,Thanh,Hoang,thanh.hoang@example.com,75d0fe3927,527 Nguyen Trai,Can Tho,CT,129186
269,Chau,Vu,chau.vu@example.com,8c97fbf401,804 Nguyen Trai,Hai Phong,HP,437208
270,Ngoc,Huynh,ngoc.huynh@example.com,4532959a65,453 Pham Van Dong,Can Tho,CT,494723
271,Linh,Vu,linh.vu@example.com,1d10f628a3,92 Le Loi,Nam Dinh,ND,941190
272,Tung,Hoang,tung.hoang@example.com,73f29a02f8,45 Pham Van Dong,Hue,HUE,955314
273,Minh,Huynh,minh.huynh@example.com,b1f54b1662,659 Pham Van Dong,Hai Phong,HP,215353
274,Hai,Phan,hai.phan@example.com,3e53843805,202 Le Loi,Nam Dinh,ND,845480
275,Viet,Vu,viet.vu@example.com,1f05203afc,201 Hoang Hoa Tham,Can Tho,CT,626734
276,Thao,Duong,thao.duong@example.com,057b3b5997,187 Le Loi,Nam Dinh,ND,245866
277,Thao,Nguyen,thao.nguyen@example.com,ffe5ee7d03,554 Tran Phu,Ha Nam,HN1,759746
278,Ha,Duong,ha.duong@example.com,f500b174f4,638 Hoang Hoa Tham,Can Tho,CT,980807
279,Dung,Tran,dung.tran@example.com,690bea6046,66 Nguyen Trai,Nam Dinh,ND,994790
280,Quynh,Huynh,quynh.huynh@example.com,d09d8c3284,920 Nguyen Trai,Ha Noi,HN,469644
281,Hung,Le,hung.le@example.com,453a3ca0f3,746 Tran Phu,Hai Phong,HP,711833
282,Chau,Nguyen,chau.nguyen@example.com,a58b4377d8,719 Nguyen Trai,Hai Phong,HP,783442
283,Linh,Huynh,linh.huynh@example.com,3b9e1cf098,644 Pham Van Dong,Hue,HUE,173393
284,Van,Pham,van.pham@example.com,d323307585,614 Nguyen Trai,Nam Dinh,ND,759082
285,Phong,Ngo,phong.ngo@example.com,c6fbed0019,810 Le Loi,Ho Chi Minh,HCM,478702
286,Phong,Duong,phong.duong@example.com,e19f552874,133 Hoang Hoa Tham,Da Nang,DN,341170
287,Tung,Dang,tung.dang@example.com,8eadefe140,31 Hoang Hoa Tham,Ha Nam,HN1,420507
288,Viet,Hoang,viet.hoang@example.com,67820617b4,520 Pham Van Dong,Ha Nam,HN1,400453
289,Anh,Nguyen,anh.nguyen@example.com,a081448fbc,876 Nguyen Trai,Can Tho,CT,718351
290,Thao,Bui,thao.bui@example.com,c7a3e2cc33,549 Nguyen Trai,Ha Noi,HN,647348
291,Binh,Vu,binh.vu@example.com,acdbfd526d,30 Pham Van Dong,Nghe An,NA,725468
292,Chau,Huynh,chau.huynh@example.com,5175822f24,367 Nguyen Trai,Nghe An,NA,605105
293,Thao,Pham,thao.pham@example.com,465b8582f1,485 Nguyen Trai,Hue,HUE,132872
294,Binh,Pham,binh.pham@example.com,e10fca917d,876 Nguyen Trai,Ha Nam,HN1,209180
295,Quynh,Hoang,quynh.hoang@example.com,7dc31ccf06,155 Pham Van Dong,Can Tho,CT,382747
296,Linh,Pham,linh.pham@example.com,2329d96db1,87 Le Loi,Nghe An,NA,533583
297,Binh,Le,binh.le@example.com,7f294318d3,42 Tran Phu,Hai Phong,HP,761873
298,Binh,Vu,binh.vu@example.com,f4156aaa4e,777 Tran Phu,Thanh Hoa,TH,357948
299,Chau,Ly,chau.ly@example.com,a42f3626bf,234 Hoang Hoa Tham,Hue,HUE,106450
300,Phong,Duong,phong.duong@example.com,2eacfcc66e,586 Tran Phu,Can Tho,CT,591811
301,Thao,Ly,thao.ly@example.com,7eedf60c17,339 Hoang Hoa Tham,Ha Nam,HN1,397522
302,Van,Ly,van.ly@example.com,16fc900f95,655 Le Loi,Hue,HUE,346432
303,Trang,Ho,trang.ho@example.com,d924bfbbcc,898 Tran Phu,Hai Phong,HP,399745
304,Binh,Do,binh.do@example.com,a0b9148801,153 Le Loi,Nghe An,NA,855331
305,Son,Ly,son.ly@example.com,1aec1e447d,770 Tran Phu,Da Nang,DN,701395
306,Van,Ho,van.ho@example.com,bfc7b1f81e,888 Hoang Hoa Tham,Nam Dinh,ND,635599
307,Son,Duong,son.duong@example.com,a85d96b350,499 Pham Van Dong,Hai Phong,HP,298855
308,Ha,Le,ha.le@example.com,ffdaad3691,576 Pham Van Dong,Ha Noi,HN,244215
309,Tung,Phan,tung.phan@example.com,7e6fad1408,473 Nguyen Trai,Ha Nam,HN1,717906
310,Anh,Phan,anh.phan@example.com,fbc9c497d8,384 Pham Van Dong,Can Tho,CT,309187
311,Nam,Hoang,nam.hoang@example.com,76a35b9d9a,523 Pham Van Dong,Nghe An,NA,912891
312,Thao,Phan,thao.phan@example.com,6897fe38a0,731 Le Loi,Can Tho,CT,851680
313,Thao,Tran,thao.tran@example.com,56f5272c3f,797 Le Loi,Thanh Hoa,TH,422879
314,Ngoc,Do,ngoc.do@example.com,3ebefd709e,134 Tran Phu,Nam Dinh,ND,413719
315,Thanh,Ho,thanh.ho@example.com,f1b57b66a2,299 Le Loi,Da Nang,DN,604982
316,Linh,Nguyen,linh.nguyen@example.com,c5e5ff699f,277 Tran Phu,Hue,HUE,482455
317,Ngoc,Do,ngoc.do@example.com,19c8da575a,126 Pham Van Dong,Ho Chi Minh,HCM,935021
318,Anh,Do,anh.do@example.com,0f613258fb,983 Nguyen Trai,Can Tho,CT,450287
319,Anh,Ho,anh.ho@example.com,7d05b2afb7,896 Le Loi,Ho Chi Minh,HCM,694550
320,Thanh,Nguyen,thanh.nguyen@example.com,422a1b0ba4,899 Hoang Hoa Tham,Ha Nam,HN1,606348
321,Linh,Ho,linh.ho@example.com,e5b2ec1eb3,784 Pham Van Dong,Ha Nam,HN1,962673
322,Ha,Nguyen,ha.nguyen@example.com,91c17e4837,191 Pham Van Dong,Nghe An,NA,760182
323,Hai,Bui,hai.bui@example.com,f67fe1240d,965 Pham Van Dong,Ha Nam,HN1,415426
324,Duong,Pham,duong.pham@example.com,a63315d640,515 Le Loi,Ho Chi Minh,HCM,289368
325,Tung,Nguyen,tung.nguyen@example.com,de02337bb1,449 Hoang Hoa Tham,Thanh Hoa,TH,494970
326,Quang,Ly,quang.ly@example.com,4a41e23e3e,394 Pham Van Dong,Hai Phong,HP,219151
327,Binh,Do,binh.do@example.com,d4edd0a12a,610 Hoang Hoa Tham,Nam Dinh,ND,927469
328,Minh,Bui,minh.bui@example.com,87c22c1631,668 Hoang Hoa Tham,Nam Dinh,ND,747968
329,Son,Le,son.le@example.com,9722d6cef6,796 Tran Phu,Nam Dinh,ND,698793
330,Nam,Bui,nam.bui@example.com,4640976b66,353 Tran Phu,Hue,HUE,353040
331,Chau,Ly,chau.ly@example.com,4857fd8db1,397 Nguyen Trai,Thanh Hoa,TH,995716
332,Nam,Nguyen,nam.nguyen@example.com,258ebea026,448 Nguyen Trai,Ho Chi Minh,HCM,578637
333,Viet,Tran,viet.tran@example.com,82cc50ae50,566 Hoang Hoa Tham,Can Tho,CT,667515
334,Hung,Do,hung.do@example.com,f6205ad91d,231 Nguyen Trai,Nam Dinh,ND,227412
335,Ngoc,Tran,ngoc.tran@example.com,5b03d2c4c3,341 Le Loi,Da Nang,DN,538904
336,Tung,Phan,tung.phan@example.com,feb3b37ff8,387 Nguyen Trai,Thanh Hoa,TH,182227
337,Binh,Ly,binh.ly@example.com,b8099cc6d1,117 Nguyen Trai,Ho Chi Minh,HCM,254503
338,Hung,Bui,hung.bui@example.com,29a22ee91f,678 Le Loi,Hue,HUE,119979
339,Chau,Huynh,chau.huynh@example.com,c6ab7ff144,436 Le Loi,Nghe An,NA,152623
340,Nam,Vu,nam.vu@example.com,9c2b62233a,102 Hoang Hoa Tham,Hai Phong,HP,717305
341,Linh,Pham,linh.pham@example.com,21415c8048,165 Nguyen Trai,Ha Nam,HN1,464938
342,Trang,Bui,trang.bui@example.com,da2c766695,505 Hoang Hoa Tham,Thanh Hoa,TH,267051
343,Nam,Do,nam.do@example.com,879eed14a5,511 Tran Phu,Ha Noi,HN,373510
344,Phong,Ho,phong.ho@example.com,6f44912533,419 Pham Van Dong,Hue,HUE,921342
345,Ngoc,Vu,ngoc.vu@example.com,c7cc9c9911,932 Pham Van Dong,Nam Dinh,ND,670705
346,Chau,Le,chau.le@example.com,d45e4d902e,961 Le Loi,Ha Nam,HN1,885966
347,Chau,Pham,chau.pham@example.com,fc86a3713f,506 Hoang Hoa Tham,Ha Nam,HN1,106816
348,Trang,Vu,trang.vu@example.com,561f6d9ee5,516 Pham Van Dong,Hue,HUE,586510
349,Binh,Huynh,binh.huynh@example.com,1fba3fe6a6,349 Tran Phu,Da Nang,DN,136794
350,Hai,Bui,hai.bui@example.com,257612cf0b,738 Hoang Hoa Tham,Ha Noi,HN,611310
351,Son,Huynh,son.huynh@example.com,4e3e25ab4e,725 Hoang Hoa Tham,Hue,HUE,486214
352,Linh,Tran,linh.tran@example.com,7c79abddea,729 Pham Van Dong,Can Tho,CT,132062
353,Hai,Tran,hai.tran@example.com,ba9b77ae96,540 Hoang Hoa Tham,Nghe An,NA,417125
354,Trang,Bui,trang.bui@example.com,616f179f7f,592 Nguyen Trai,Hai Phong,HP,783637
355,Ngoc,Phan,ngoc.phan@example.com,1d5a586993,4 Le Loi,Nam Dinh,ND,835060
356,Quang,Le,quang.le@example.com,7e30fe08c5,761 Pham Van Dong,Hue,HUE,976572
357,Nam,Duong,nam.duong@example.com,7fe6906c24,595 Hoang Hoa Tham,Hue,HUE,553744
358,Minh,Ly,minh.ly@example.com,91b6930b03,402 Hoang Hoa Tham,Nam Dinh,ND,562647
359,Hai,Tran,hai.tran@example.com,141cc62e38,854 Pham Van Dong,Nam Dinh,ND,745635
360,Quang,Tran,quang.tran@example.com,0daabcf362,872 Hoang Hoa Tham,Can Tho,CT,481370
361,Son,Phan,son.phan@example.com,2794debeb2,560 Nguyen Trai,Thanh Hoa,TH,848617
362,Hung,Hoang,hung.hoang@example.com,47b3e0228e,16 Pham Van Dong,Nam Dinh,ND,937056
363,Hung,Hoang,hung.hoang@example.com,261fa7b210,666 Nguyen Trai,Thanh Hoa,TH,172179
364,Son,Do,son.do@example.com,f2e6c18505,711 Le Loi,Nam Dinh,ND,998195
365,Viet,Ngo,viet.ngo@example.com,7a2661b7ef,949 Pham Van Dong,Ha Nam,HN1,751272
366,Ha,Phan,ha.phan@example.com,5e1112f94a,16 Tran Phu,Nam Dinh,ND,586966
367,Viet,Hoang,viet.hoang@example.com,3891dc31b4,52 Le Loi,Hue,HUE,589369
368,Minh,Nguyen,minh.nguyen@example.com,42a7d0b9c2,491 Pham Van Dong,Ha Noi,HN,670064
369,Viet,Huynh,viet.huynh@example.com,d66e0b59ab,416 Pham Van Dong,Ho Chi Minh,HCM,962989
370,Minh,Tran,minh.tran@example.com,e444f1a820,910 Pham Van Dong,Thanh Hoa,TH,566022
371,Trang,Hoang,trang.hoang@example.com,6bae68f353,153 Tran Phu,Ho Chi Minh,HCM,918614
372,Thanh,Duong,thanh.duong@example.com,cca45bc637,533 Le Loi,Da Nang,DN,229799
373,Nam,Tran,nam.tran@example.com,5d5120873d,431 Le Loi,Hai Phong,HP,496010
374,Viet,Vu,viet.vu@example.com,2035993081,63 Nguyen Trai,Hai Phong,HP,746842
375,Hai,Huynh,hai.huynh@example.com,6ba9a0da7f,619 Tran Phu,Ha Noi,HN,748638
376,Tung,Ly,tung.ly@example.com,4f5f4c008f,589 Pham Van Dong,Ha Noi,HN,777619
377,Ngoc,Nguyen,ngoc.nguyen@example.com,05f72bfab6,386 Nguyen Trai,Ha Nam,HN1,998551
378,Quang,Hoang,quang.hoang@example.com,de73cad056,454 Le Loi,Can Tho,CT,280542
379,Hai,Hoang,hai.hoang@example.com,36c3eb1d50,429 Hoang Hoa Tham,Thanh Hoa,TH,815279
380,Ha,Phan,ha.phan@example.com,f2ce70c434,487 Hoang Hoa Tham,Da Nang,DN,939450
381,Ha,Ho,ha.ho@example.com,46d6b6ce18,271 Pham Van Dong,Thanh Hoa,TH,190955
382,Binh,Duong,binh.duong@example.com,7d1c7c44f5,732 Le Loi,Da Nang,DN,431244
383,Hai,Do,hai.do@example.com,350c4bf28d,201 Nguyen Trai,Hue,HUE,169202
384,Hung,Hoang,hung.hoang@example.com,da5783dacb,802 Hoang Hoa Tham,Thanh Hoa,TH,932129
385,Duong,Duong,duong.duong@example.com,7ac93d20a9,253 Tran Phu,Thanh Hoa,TH,626129
386,Thao,Hoang,thao.hoang@example.com,721b3f7bc2,961 Le Loi,Ho Chi Minh,HCM,239289
387,Ngoc,Nguyen,ngoc.nguyen@example.com,fddece44c9,573 Hoang Hoa Tham,Thanh Hoa,TH,969480
388,Thanh,Tran,thanh.tran@example.com,fd48f40214,894 Le Loi,Ho Chi Minh,HCM,518360
389,Quang,Do,quang.do@example.com,6232a1b250,316 Hoang Hoa Tham,Da Nang,DN,101788
390,Tung,Nguyen,tung.nguyen@example.com,2b5e1f97c8,432 Pham Van Dong,Hue,HUE,435861
391,Anh,Hoang,anh.hoang@example.com,b4ed16cbb5,214 Nguyen Trai,Can Tho,CT,470357
392,Viet,Huynh,viet.huynh@example.com,1704bd175e,753 Tran Phu,Ha Nam,HN1,867635
393,Tung,Nguyen,tung.nguyen@example.com,ea63bec18b,103 Nguyen Trai,Hue,HUE,713541
394,Ngoc,Pham,ngoc.pham@example.com,ab4b884f28,473 Hoang Hoa Tham,Ha Nam,HN1,751011
395,Duong,Bui,duong.bui@example.com,05fe4edb97,590 Le Loi,Can Tho,CT,319577
396,Phong,Ngo,phong.ngo@example.com,e6e241c4c4,510 Le Loi,Da Nang,DN,449032
397,Quang,Duong,quang.duong@example.com,8726d86ddf,213 Pham Van Dong,Nam Dinh,ND,670767
398,Thao,Dang,thao.dang@example.com,87ce9a608e,496 Nguyen Trai,Hai Phong,HP,127585
399,Dung,Dang,dung.dang@example.com,2949086300,1 Pham Van Dong,Nghe An,NA,594669
400,Hung,Ly,hung.ly@example.com,b359ea1d90,266 Le Loi,Can Tho,CT,152811
401,Anh,Duong,anh.duong@example.com,e9394134b3,72 Hoang Hoa Tham,Hue,HUE,963536
402,Minh,Vu,minh.vu@example.com,bde60e8dba,941 Tran Phu,Ho Chi Minh,HCM,269821
403,Binh,Le,binh.le@example.com,99c636ff66,126 Hoang Hoa Tham,Nghe An,NA,633747
404,Hung,Dang,hung.dang@example.com,c189638f27,26 Tran Phu,Thanh Hoa,TH,709423
405,Dung,Bui,dung.bui@example.com,6b8179f4e1,491 Le Loi,Hai Phong,HP,397233
406,Viet,Vu,viet.vu@example.com,047f128ce8,443 Le Loi,Da Nang,DN,367627
407,Dung,Nguyen,dung.nguyen@example.com,dd1af94763,167 Nguyen Trai,Ha Noi,HN,288094
408,Chau,Huynh,chau.huynh@example.com,1a753b5e70,466 Nguyen Trai,Ha Nam,HN1,987225
409,Anh,Ngo,anh.ngo@example.com,f856128ff0,146 Tran Phu,Can Tho,CT,135317
410,Hai,Dang,hai.dang@example.com,5f3d74d032,160 Tran Phu,Da Nang,DN,818865
411,Binh,Ngo,binh.ngo@example.com,76e4e8fec3,32 Le Loi,Thanh Hoa,TH,156672
412,Ha,Tran,ha.tran@example.com,042ed83ce5,922 Hoang Hoa Tham,Ho Chi Minh,HCM,519234
413,Binh,Nguyen,binh.nguyen@example.com,5f058df05e,285 Nguyen Trai,Da Nang,DN,342983
414,Binh,Do,binh.do@example.com,793a157d3e,740 Pham Van Dong,Nam Dinh,ND,534823
415,Linh,Huynh,linh.huynh@example.com,6008a369d0,703 Nguyen Trai,Da Nang,DN,361050
416,Thanh,Bui,thanh.bui@example.com,8791a44d6d,376 Le Loi,Ha Nam,HN1,805234
417,Minh,Bui,minh.bui@example.com,7daddedd00,956 Pham Van Dong,Hue,HUE,629011
418,Trang,Le,trang.le@example.com,51821315fb,741 Nguyen Trai,Nam Dinh,ND,305406
419,Dung,Bui,dung.bui@example.com,b579db2416,837 Le Loi,Ha Nam,HN1,706824
420,Hai,Duong,hai.duong@example.com,f5a3a2ee2e,879 Hoang Hoa Tham,Ha Noi,HN,830122
421,Anh,Phan,anh.phan@example.com,9a8e57bc06,514 Le Loi,Thanh Hoa,TH,747061
422,Duong,Bui,duong.bui@example.com,6843428261,500 Hoang Hoa Tham,Da Nang,DN,134054
423,Tung,Ly,tung.ly@example.com,efa1913b2a,446 Pham Van Dong,Nam Dinh,ND,694945
424,Dung,Vu,dung.vu@example.com,3aa0eee07e,373 Pham Van Dong,Can Tho,CT,636106
425,Phong,Hoang,phong.hoang@example.com,bf50f03845,19 Le Loi,Can Tho,CT,586806
426,Binh,Phan,binh.phan@example.com,6b5890a22e,221 Tran Phu,Da Nang,DN,601436
427,Hai,Ho,hai.ho@example.com,86897ee16c,7 Le Loi,Hue,HUE,215866
428,Hung,Ngo,hung.ngo@example.com,a22331b307,715 Pham Van Dong,Ha Noi,HN,730674
429,Ha,Do,ha.do@example.com,0f352c96e6,959 Hoang Hoa Tham,Nam Dinh,ND,124211
430,Dung,Pham,dung.pham@example.com,1edd42ad87,373 Nguyen Trai,Da Nang,DN,964580
431,Linh,Tran,linh.tran@example.com,027a5394b0,257 Hoang Hoa Tham,Nghe An,NA,799933
432,Thanh,Pham,thanh.pham@example.com,ace7fd7a5b,970 Le Loi,Thanh Hoa,TH,584639
433,Hung,Vu,hung.vu@example.com,d434fd26e5,643 Tran Phu,Ha Nam,HN1,624953
434,Viet,Dang,viet.dang@example.com,73b5f84075,707 Nguyen Trai,Ha Nam,HN1,250732
435,Tung,Le,tung.le@example.com,4d50f70b29,858 Pham Van Dong,Hai Phong,HP,888460
436,Viet,Pham,viet.pham@example.com,43d9940d27,344 Nguyen Trai,Ho Chi Minh,HCM,765496
437,Nam,Hoang,nam.hoang@example.com,b60025342c,598 Hoang Hoa Tham,Thanh Hoa,TH,951168
438,Hung,Le,hung.le@example.com,6769751a33,230 Tran Phu,Can Tho,CT,583518
439,Viet,Ngo,viet.ngo@example.com,733d116954,635 Pham Van Dong,Can Tho,CT,299557
440,Trang,Vu,trang.vu@example.com,ef963a5d85,539 Pham Van Dong,Ha Noi,HN,617392
441,Binh,Le,binh.le@example.com,0e49ce5b26,411 Le Loi,Nghe An,NA,461829
442,Quynh,Do,quynh.do@example.com,44bdaa34bb,277 Hoang Hoa Tham,Ha Nam,HN1,238517
443,Binh,Dang,binh.dang@example.com,8b875ee61d,933 Tran Phu,Nghe An,NA,541572
444,Nam,Dang,nam.dang@example.com,ae4b6c9d91,881 Le Loi,Ha Noi,HN,685674
445,Trang,Huynh,trang.huynh@example.com,b793ed6ff9,907 Nguyen Trai,Ha Nam,HN1,779660
446,Tung,Ly,tung.ly@example.com,cffd306197,911 Pham Van Dong,Can Tho,CT,326437
447,Thanh,Dang,thanh.dang@example.com,d5da2645fc,735 Le Loi,Nam Dinh,ND,760768
448,Trang,Do,trang.do@example.com,7dd2da3d3a,331 Pham Van Dong,Ha Noi,HN,950195
449,Tung,Bui,tung.bui@example.com,4699a18b6f,986 Tran Phu,Thanh Hoa,TH,953761
450,Viet,Phan,viet.phan@example.com,9e6fc982e3,295 Pham Van Dong,Thanh Hoa,TH,842377
451,Chau,Dang,chau.dang@example.com,4ecf364ba2,682 Le Loi,Da Nang,DN,687675
452,Trang,Phan,trang.phan@example.com,7541bb6106,787 Hoang Hoa Tham,Thanh Hoa,TH,548238
453,Hung,Tran,hung.tran@example.com,20b5578b99,653 Le Loi,Ha Nam,HN1,813188
454,Tung,Huynh,tung.huynh@example.com,b3fd83aa80,848 Hoang Hoa Tham,Hue,HUE,251763
455,Phong,Ly,phong.ly@example.com,b2ca590882,945 Le Loi,Hue,HUE,671088
456,Tung,Ngo,tung.ngo@example.com,1d4598d194,443 Hoang Hoa Tham,Can Tho,CT,757718
457,Van,Duong,van.duong@example.com,c53c8d4ea0,758 Pham Van Dong,Hue,HUE,637519
458,Hung,Le,hung.le@example.com,ba03608e39,905 Pham Van Dong,Hai Phong,HP,942926
459,Anh,Nguyen,anh.nguyen@example.com,48a5362763,173 Tran Phu,Nghe An,NA,653302
460,Quang,Ho,quang.ho@example.com,5971f2af2f,444 Pham Van Dong,Ha Nam,HN1,280845
461,Dung,Ly,dung.ly@example.com,4f305f5daf,165 Tran Phu,Ho Chi Minh,HCM,185277
462,Binh,Tran,binh.tran@example.com,75c4ab1ebb,146 Hoang Hoa Tham,Thanh Hoa,TH,389801
463,Van,Pham,van.pham@example.com,30e6169009,786 Hoang Hoa Tham,Nghe An,NA,332395
464,Thanh,Dang,thanh.dang@example.com,bba97478bf,574 Nguyen Trai,Da Nang,DN,810537
465,Linh,Vu,linh.vu@example.com,939a173f96,587 Pham Van Dong,Da Nang,DN,540322
466,Nam,Do,nam.do@example.com,90916b2ef3,973 Nguyen Trai,Nghe An,NA,734600
467,Thanh,Do,thanh.do@example.com,fb8b35efbe,840 Nguyen Trai,Ho Chi Minh,HCM,158896
468,Hai,Ngo,hai.ngo@example.com,677be5345b,803 Le Loi,Ha Noi,HN,851876
469,Hung,Ly,hung.ly@example.com,af6026b014,913 Hoang Hoa Tham,Da Nang,DN,417942
470,Quynh,Ho,quynh.ho@example.com,ca805fc791,795 Hoang Hoa Tham,Nghe An,NA,560665
471,Thanh,Bui,thanh.bui@example.com,5441496b67,117 Hoang Hoa Tham,Ha Noi,HN,176032
472,Ngoc,Do,ngoc.do@example.com,534c125453,507 Hoang Hoa Tham,Ha Nam,HN1,539099
473,Phong,Le,phong.le@example.com,f30e1bc093,51 Tran Phu,Nghe An,NA,545095
474,Thao,Duong,thao.duong@example.com,60a2c4794f,108 Tran Phu,Can Tho,CT,828850
475,Van,Duong,van.duong@example.com,73fa287ccb,231 Pham Van Dong,Hai Phong,HP,993078
476,Anh,Hoang,anh.hoang@example.com,3ddcab7fff,744 Pham Van Dong,Thanh Hoa,TH,400478
477,Linh,Duong,linh.duong@example.com,fac0ef39d4,401 Le Loi,Ha Nam,HN1,894415
478,Ngoc,Phan,ngoc.phan@example.com,4afa97a5fe,416 Tran Phu,Hue,HUE,173468
479,Thao,Ho,thao.ho@example.com,1a110b5452,258 Pham Van Dong,Hue,HUE,986407
480,Duong,Ho,duong.ho@example.com,a2058b573a,909 Le Loi,Thanh Hoa,TH,669658
481,Ha,Ngo,ha.ngo@example.com,5f39994f10,288 Hoang Hoa Tham,Nam Dinh,ND,268919
482,Phong,Ho,phong.ho@example.com,41b9d7fd52,465 Pham Van Dong,Thanh Hoa,TH,119040
483,Nam,Nguyen,nam.nguyen@example.com,c958fc5a04,966 Le Loi,Ha Noi,HN,552551
484,Ha,Pham,ha.pham@example.com,736abb5752,731 Le Loi,Can Tho,CT,231254
485,Minh,Phan,minh.phan@example.com,49a5c8e04d,265 Hoang Hoa Tham,Ho Chi Minh,HCM,623698
486,Quynh,Nguyen,quynh.nguyen@example.com,afdadb3c83,848 Le Loi,Da Nang,DN,170673
487,Ha,Nguyen,ha.nguyen@example.com,09be115549,641 Nguyen Trai,Ha Noi,HN,554715
488,Ha,Le,ha.le@example.com,274040ced5,103 Tran Phu,Can Tho,CT,608852
489,Minh,Hoang,minh.hoang@example.com,2ca3e85023,917 Tran Phu,Ho Chi Minh,HCM,126897
490,Viet,Vu,viet.vu@example.com,be269a2af6,830 Nguyen Trai,Hai Phong,HP,789831
491,Phong,Le,phong.le@example.com,30d1d9a2ef,226 Le Loi,Thanh Hoa,TH,589070
492,Trang,Hoang,trang.hoang@example.com,e9f698a3bc,796 Hoang Hoa Tham,Ho Chi Minh,HCM,147381
493,Ngoc,Ly,ngoc.ly@example.com,8baa62e8d5,146 Pham Van Dong,Ha Nam,HN1,650333
494,Phong,Phan,phong.phan@example.com,2861397da0,206 Nguyen Trai,Ha Nam,HN1,561347
495,Viet,Pham,viet.pham@example.com,6b1f8668d5,522 Pham Van Dong,Ho Chi Minh,HCM,956017
496,Thanh,Phan,thanh.phan@example.com,65808bcc34,894 Pham Van Dong,Nghe An,NA,644266
497,Son,Dang,son.dang@example.com,1ce2dd0633,201 Le Loi,Hue,HUE,431876
498,Ngoc,Nguyen,ngoc.nguyen@example.com,3017f7fe4d,64 Nguyen Trai,Da Nang,DN,603558
499,Ngoc,Do,ngoc.do@example.com,4d4ca436ec,624 Le Loi,Da Nang,DN,816166
500,Minh,Duong,minh.duong@example.com,dae0c305f2,716 Le Loi,Ha Noi,HN,986764
501,Phong,Nguyen,phong.nguyen@example.com,02508045c8,326 Le Loi,Ho Chi Minh,HCM,428494
502,Linh,Ngo,linh.ngo@example.com,b4ec5fe7df,718 Pham Van Dong,Nam Dinh,ND,880714
503,Anh,Dang,anh.dang@example.com,97242c6257,997 Le Loi,Nam Dinh,ND,540346
504,Phong,Ngo,phong.ngo@example.com,705ba2f46d,450 Tran Phu,Can Tho,CT,350964
505,Phong,Le,phong.le@example.com,67523cdf84,644 Hoang Hoa Tham,Can Tho,CT,791370
506,Thao,Ly,thao.ly@example.com,895c79e08e,923 Le Loi,Nam Dinh,ND,662130
507,Thao,Le,thao.le@example.com,668c8a4e6a,869 Nguyen Trai,Ha Nam,HN1,596141
508,Chau,Phan,chau.phan@example.com,02459998ca,480 Tran Phu,Hue,HUE,671093
509,Viet,Ngo,viet.ngo@example.com,e98b2a2101,802 Le Loi,Ha Nam,HN1,207387
510,Hai,Ngo,hai.ngo@example.com,4532a84c4e,448 Tran Phu,Nam Dinh,ND,536888
511,Dung,Dang,dung.dang@example.com,b2e3b2c395,23 Le Loi,Thanh Hoa,TH,463507
512,Dung,Le,dung.le@example.com,60b75d5a05,261 Hoang Hoa Tham,Da Nang,DN,915624
513,Van,Ngo,van.ngo@example.com,b7b4a67b68,36 Hoang Hoa Tham,Can Tho,CT,708159
514,Quynh,Pham,quynh.pham@example.com,b8bf8d1425,829 Nguyen Trai,Can Tho,CT,689521
515,Ngoc,Nguyen,ngoc.nguyen@example.com,218a298465,287 Le Loi,Thanh Hoa,TH,761956
516,Ngoc,Ly,ngoc.ly@example.com,2b390d63d6,176 Pham Van Dong,Thanh Hoa,TH,698006
517,Linh,Duong,linh.duong@example.com,300e5768f5,451 Nguyen Trai,Hai Phong,HP,167481
518,Chau,Duong,chau.duong@example.com,e855fb7329,847 Hoang Hoa Tham,Ho Chi Minh,HCM,351203
519,Thao,Ho,thao.ho@example.com,3553a92117,760 Hoang Hoa Tham,Ho Chi Minh,HCM,246308
520,Viet,Le,viet.le@example.com,08ba556017,364 Le Loi,Nam Dinh,ND,161384
521,Ha,Do,ha.do@example.com,a7d59898ad,38 Pham Van Dong,Ha Nam,HN1,730136
522,Van,Tran,van.tran@example.com,fe82e4e6d2,337 Nguyen Trai,Hue,HUE,235631
523,Hung,Ngo,hung.ngo@example.com,dbf12e7398,170 Tran Phu,Ho Chi Minh,HCM,680299
524,Thanh,Nguyen,thanh.nguyen@example.com,e90e758c39,242 Hoang Hoa Tham,Ho Chi Minh,HCM,181015
525,Trang,Le,trang.le@example.com,050341815d,310 Hoang Hoa Tham,Ho Chi Minh,HCM,940283
526,Minh,Huynh,minh.huynh@example.com,5c5624a29c,958 Hoang Hoa Tham,Da Nang,DN,354601
527,Viet,Ho,viet.ho@example.com,bd546d100f,997 Pham Van Dong,Ho Chi Minh,HCM,221249
528,Minh,Vu,minh.vu@example.com,3240a7cc90,49 Hoang Hoa Tham,Da Nang,DN,550041
529,Ha,Ho,ha.ho@example.com,8a79ffbd53,288 Hoang Hoa Tham,Ha Noi,HN,482967
530,Quang,Bui,quang.bui@example.com,43c537ea75,841 Nguyen Trai,Nghe An,NA,429727
531,Thanh,Le,thanh.le@example.com,a24ab0e06b,20 Tran Phu,Ho Chi Minh,HCM,725452
532,Dung,Tran,dung.tran@example.com,eefa31a61f,44 Le Loi,Nghe An,NA,761843
533,Van,Do,van.do@example.com,fca275a9b4,531 Le Loi,Ha Nam,HN1,557285
534,Phong,Nguyen,phong.nguyen@example.com,03fc9b55a9,552 Tran Phu,Thanh Hoa,TH,552272
535,Thanh,Hoang,thanh.hoang@example.com,6c13b6d622,137 Le Loi,Ha Noi,HN,919219
536,Trang,Hoang,trang.hoang@example.com,a99c95ac20,858 Pham Van Dong,Nghe An,NA,964821
537,Binh,Hoang,binh.hoang@example.com,377545b403,506 Nguyen Trai,Nam Dinh,ND,453939
538,Tung,Phan,tung.phan@example.com,b3d0342cfe,759 Nguyen Trai,Ho Chi Minh,HCM,886726
539,Nam,Hoang,nam.hoang@example.com,ee19998473,989 Le Loi,Da Nang,DN,434657
540,Minh,Ly,minh.ly@example.com,1861a51704,42 Tran Phu,Nam Dinh,ND,622985
541,Dung,Duong,dung.duong@example.com,46abbdf77e,984 Le Loi,Ha Noi,HN,269550
542,Duong,Vu,duong.vu@example.com,565883d5d6,972 Pham Van Dong,Hue,HUE,628527
543,Trang,Dang,trang.dang@example.com,4433b46e73,454 Le Loi,Ho Chi Minh,HCM,320476
544,Thanh,Le,thanh.le@example.com,5e28131001,710 Tran Phu,Ho Chi Minh,HCM,217020
545,Quynh,Hoang,quynh.hoang@example.com,f79b9fa4b3,54 Hoang Hoa Tham,Ha Noi,HN,388520
546,Thao,Huynh,thao.huynh@example.com,292ef9207d,483 Pham Van Dong,Da Nang,DN,839166
547,Trang,Pham,trang.pham@example.com,a031bc11d6,901 Tran Phu,Nam Dinh,ND,443794
548,Quynh,Pham,quynh.pham@example.com,76c1bca4ab,771 Pham Van Dong,Da Nang,DN,640937
549,Trang,Nguyen,trang.nguyen@example.com,17985beb66,725 Tran Phu,Nam Dinh,ND,849196
550,Phong,Tran,phong.tran@example.com,95779699e4,287 Pham Van Dong,Thanh Hoa,TH,651763
551,Ngoc,Hoang,ngoc.hoang@example.com,9ddd0289a2,283 Tran Phu,Nghe An,NA,798057
552,Dung,Ly,dung.ly@example.com,5d784fbc9f,355 Hoang Hoa Tham,Hai Phong,HP,203088
553,Hai,Le,hai.le@example.com,aeba3d716d,983 Le Loi,Nghe An,NA,924898
554,Linh,Duong,linh.duong@example.com,980587e4ad,616 Nguyen Trai,Ha Noi,HN,582257
555,Van,Vu,van.vu@example.com,5c892e4e93,670 Le Loi,Hue,HUE,129071
556,Linh,Tran,linh.tran@example.com,7dfe6a50f5,573 Hoang Hoa Tham,Ha Noi,HN,947254
557,Duong,Hoang,duong.hoang@example.com,71686ae671,990 Hoang Hoa Tham,Nam Dinh,ND,197326
558,Chau,Bui,chau.bui@example.com,c33d070efb,121 Tran Phu,Nam Dinh,ND,830748
559,Quang,Phan,quang.phan@example.com,acd59fc888,176 Le Loi,Can Tho,CT,304037
560,Hung,Ho,hung.ho@example.com,4e1b26efae,866 Le Loi,Thanh Hoa,TH,296089
561,Linh,Ly,linh.ly@example.com,9ef21ffd2e,433 Nguyen Trai,Da Nang,DN,330474
562,Nam,Ly,nam.ly@example.com,b154501192,781 Nguyen Trai,Thanh Hoa,TH,971741
563,Minh,Ly,minh.ly@example.com,b1590da5d8,966 Hoang Hoa Tham,Da Nang,DN,246033
564,Quynh,Ly,quynh.ly@example.com,163e96d095,41 Hoang Hoa Tham,Thanh Hoa,TH,113675
565,Chau,Pham,chau.pham@example.com,25b8a2c04f,434 Nguyen Trai,Hai Phong,HP,888674
566,Chau,Ngo,chau.ngo@example.com,8546e47d5b,567 Hoang Hoa Tham,Ha Nam,HN1,546126
567,Hung,Vu,hung.vu@example.com,815292cdc3,635 Tran Phu,Ho Chi Minh,HCM,476285
568,Thanh,Phan,thanh.phan@example.com,2cbf3c66f3,145 Pham Van Dong,Ha Noi,HN,608386
569,Thanh,Huynh,thanh.huynh@example.com,d49878cd52,949 Tran Phu,Can Tho,CT,988072
570,Minh,Duong,minh.duong@example.com,1a5af63311,661 Tran Phu,Ha Nam,HN1,466632
571,Chau,Pham,chau.pham@example.com,28dc811b2e,484 Le Loi,Ha Noi,HN,383441
572,Quynh,Ly,quynh.ly@example.com,d80193b25c,543 Nguyen Trai,Ha Nam,HN1,858271
573,Quynh,Huynh,quynh.huynh@example.com,9b6a1dd596,572 Hoang Hoa Tham,Nghe An,NA,117480
574,Hung,Vu,hung.vu@example.com,3a1defb52b,647 Hoang Hoa Tham,Ho Chi Minh,HCM,663303
575,Ha,Le,ha.le@example.com,7cfee32332,397 Le Loi,Can Tho,CT,384272
576,Linh,Phan,linh.phan@example.com,5eb1a8add4,131 Le Loi,Da Nang,DN,574121
577,Quang,Nguyen,quang.nguyen@example.com,da52182563,113 Pham Van Dong,Hue,HUE,117563
578,Dung,Le,dung.le@example.com,c7c6a4d974,885 Tran Phu,Ha Nam,HN1,131261
579,Van,Vu,van.vu@example.com,4bce78067e,102 Hoang Hoa Tham,Da Nang,DN,334070
580,Thao,Nguyen,thao.nguyen@example.com,2a19a1c95e,407 Le Loi,Nghe An,NA,964595
581,Binh,Duong,binh.duong@example.com,6061b7147b,567 Pham Van Dong,Ha Noi,HN,364676
582,Son,Le,son.le@example.com,977c6b16f0,964 Nguyen Trai,Ha Noi,HN,139179
583,Binh,Ngo,binh.ngo@example.com,c9a7a09af2,623 Tran Phu,Ha Noi,HN,345521
584,Tung,Ly,tung.ly@example.com,7ae2532d47,758 Nguyen Trai,Da Nang,DN,903095
585,Thanh,Ngo,thanh.ngo@example.com,0004d6eadd,733 Hoang Hoa Tham,Ho Chi Minh,HCM,869249
586,Chau,Hoang,chau.hoang@example.com,55d8061321,832 Hoang Hoa Tham,Da Nang,DN,120765
587,Anh,Duong,anh.duong@example.com,fb7e35142c,931 Hoang Hoa Tham,Da Nang,DN,682605
588,Tung,Nguyen,tung.nguyen@example.com,76c0adae15,770 Hoang Hoa Tham,Nghe An,NA,172058
589,Hung,Dang,hung.dang@example.com,47e1df3687,195 Le Loi,Thanh Hoa,TH,720781
590,Nam,Duong,nam.duong@example.com,4e8fd9234b,266 Pham Van Dong,Da Nang,DN,429784
591,Van,Huynh,van.huynh@example.com,3cb6dbe492,150 Le Loi,Ha Noi,HN,778550
592,Chau,Tran,chau.tran@example.com,bc790faf3f,517 Le Loi,Nam Dinh,ND,274016
593,Ha,Le,ha.le@example.com,34c45f2209,366 Tran Phu,Ho Chi Minh,HCM,984123
594,Hai,Dang,hai.dang@example.com,3259aff075,456 Tran Phu,Da Nang,DN,278184
595,Hung,Pham,hung.pham@example.com,e1c58e7f16,787 Pham Van Dong,Hue,HUE,602732
596,Linh,Do,linh.do@example.com,af61824d28,435 Hoang Hoa Tham,Ha Nam,HN1,440834
597,Ngoc,Ly,ngoc.ly@example.com,88b03b2ffb,706 Pham Van Dong,Nghe An,NA,596850
598,Ha,Ho,ha.ho@example.com,44724d72c1,924 Nguyen Trai,Ha Nam,HN1,566225
599,Son,Vu,son.vu@example.com,2b2cd92f84,487 Tran Phu,Da Nang,DN,503821
600,Anh,Duong,anh.duong@example.com,cca3daa5a4,329 Le Loi,Nam Dinh,ND,461115
601,Nam,Ngo,nam.ngo@example.com,486823a39b,903 Pham Van Dong,Thanh Hoa,TH,874822
602,Binh,Phan,binh.phan@example.com,4919942313,10 Pham Van Dong,Thanh Hoa,TH,346758
603,Minh,Tran,minh.tran@example.com,9d3d226e6e,823 Le Loi,Nghe An,NA,198055
604,Binh,Dang,binh.dang@example.com,19c24c6574,690 Nguyen Trai,Hai Phong,HP,860883
605,Ha,Vu,ha.vu@example.com,eee9fac2de,547 Tran Phu,Hue,HUE,794169
606,Son,Phan,son.phan@example.com,3f1bd40d7b,805 Nguyen Trai,Da Nang,DN,498130
607,Duong,Hoang,duong.hoang@example.com,bc84ff2a62,792 Nguyen Trai,Thanh Hoa,TH,256726
608,Van,Phan,van.phan@example.com,cb00454da1,393 Tran Phu,Ha Nam,HN1,637256
609,Thanh,Tran,thanh.tran@example.com,6eb84adf41,358 Nguyen Trai,Thanh Hoa,TH,848702
610,Tung,Nguyen,tung.nguyen@example.com,b9c7da98de,145 Tran Phu,Thanh Hoa,TH,166110
611,Quynh,Hoang,quynh.hoang@example.com,290a9fb02c,539 Le Loi,Hue,HUE,721793
612,Minh,Vu,minh.vu@example.com,7d2342e709,440 Pham Van Dong,Can Tho,CT,892559
613,Linh,Pham,linh.pham@example.com,a830ad68c8,404 Hoang Hoa Tham,Ha Nam,HN1,323910
614,Duong,Dang,duong.dang@example.com,a3c6b69c76,286 Hoang Hoa Tham,Can Tho,CT,143359
615,Hai,Vu,hai.vu@example.com,e7d332c3fb,37 Hoang Hoa Tham,Thanh Hoa,TH,179715
616,Quynh,Tran,quynh.tran@example.com,fd8203283c,84 Le Loi,Ha Nam,HN1,404356
617,Phong,Ly,phong.ly@example.com,0f9198d3a0,28 Le Loi,Thanh Hoa,TH,354598
618,Viet,Ho,viet.ho@example.com,8f8a2edc24,70 Hoang Hoa Tham,Ho Chi Minh,HCM,960175
619,Van,Huynh,van.huynh@example.com,629e5614e5,732 Tran Phu,Ha Noi,HN,175594
620,Minh,Huynh,minh.huynh@example.com,7d376f7fb3,772 Nguyen Trai,Can Tho,CT,591582
621,Ngoc,Duong,ngoc.duong@example.com,aef50eff33,660 Pham Van Dong,Da Nang,DN,714622
622,Viet,Bui,viet.bui@example.com,f02d8301d9,623 Nguyen Trai,Ha Noi,HN,573922
623,Anh,Hoang,anh.hoang@example.com,49b5b2cf91,304 Tran Phu,Ha Noi,HN,862212
624,Viet,Pham,viet.pham@example.com,243f5761f8,478 Nguyen Trai,Da Nang,DN,176692
625,Trang,Ly,trang.ly@example.com,b7fbffed8f,394 Tran Phu,Ha Nam,HN1,627975
626,Quang,Do,quang.do@example.com,73680ee080,557 Pham Van Dong,Hue,HUE,226022
627,Thao,Ngo,thao.ngo@example.com,31a42a8d27,611 Tran Phu,Ha Noi,HN,121753
628,Chau,Duong,chau.duong@example.com,813dd7d01a,542 Tran Phu,Nghe An,NA,288110
629,Binh,Pham,binh.pham@example.com,2551dff704,910 Pham Van Dong,Nam Dinh,ND,851039
630,Hung,Do,hung.do@example.com,ebe3429db2,628 Tran Phu,Nghe An,NA,481034
631,Anh,Nguyen,anh.nguyen@example.com,e0df9504fa,972 Pham Van Dong,Nghe An,NA,241103
632,Son,Tran,son.tran@example.com,3fe8730347,699 Hoang Hoa Tham,Can Tho,CT,479711
633,Hung,Duong,hung.duong@example.com,802b124b05,50 Nguyen Trai,Da Nang,DN,272824
634,Quynh,Nguyen,quynh.nguyen@example.com,2c3a53627a,312 Hoang Hoa Tham,Da Nang,DN,728674
635,Quynh,Phan,quynh.phan@example.com,1eea603261,726 Hoang Hoa Tham,Hai Phong,HP,234545
636,Binh,Ho,binh.ho@example.com,0fd2999b08,927 Le Loi,Hai Phong,HP,467758
637,Son,Nguyen,son.nguyen@example.com,77ffa8dfed,191 Pham Van Dong,Nghe An,NA,337290
638,Quynh,Ly,quynh.ly@example.com,6b4bc516b9,388 Le Loi,Ha Noi,HN,377623
639,Thao,Phan,thao.phan@example.com,c9050286e9,274 Nguyen Trai,Thanh Hoa,TH,756808
640,Thao,Tran,thao.tran@example.com,3d60c148de,398 Nguyen Trai,Da Nang,DN,813572
641,Quynh,Huynh,quynh.huynh@example.com,8186cfcf50,869 Le Loi,Hue,HUE,202104
642,Nam,Ngo,nam.ngo@example.com,b9aa3d1771,943 Pham Van Dong,Ho Chi Minh,HCM,354900
643,Duong,Do,duong.do@example.com,4b9e79ab64,554 Nguyen Trai,Ha Nam,HN1,850453
644,Phong,Pham,phong.pham@example.com,a636e8f719,654 Nguyen Trai,Can Tho,CT,811786
645,Nam,Nguyen,nam.nguyen@example.com,bf268ac687,485 Le Loi,Nam Dinh,ND,999661
646,Quang,Vu,quang.vu@example.com,99f3c84b73,869 Hoang Hoa Tham,Can Tho,CT,979126
647,Hai,Pham,hai.pham@example.com,75df20a1f0,841 Pham Van Dong,Nam Dinh,ND,964068
648,Binh,Duong,binh.duong@example.com,d3d2e9473c,207 Hoang Hoa Tham,Ha Nam,HN1,814916
649,Hai,Hoang,hai.hoang@example.com,ad1c6e7522,541 Tran Phu,Ha Nam,HN1,357550
650,Son,Ly,son.ly@example.com,81e11195ea,769 Nguyen Trai,Ho Chi Minh,HCM,180394
651,Phong,Vu,phong.vu@example.com,3ade89897f,39 Nguyen Trai,Da Nang,DN,766773
652,Anh,Tran,anh.tran@example.com,9825dbb4a4,126 Nguyen Trai,Da Nang,DN,449398
653,Anh,Dang,anh.dang@example.com,84ba0aa524,951 Nguyen Trai,Thanh Hoa,TH,908949
654,Nam,Dang,nam.dang@example.com,47e8a8d9a3,85 Pham Van Dong,Can Tho,CT,546825
655,Viet,Pham,viet.pham@example.com,a572ef287e,377 Hoang Hoa Tham,Da Nang,DN,945787
656,Binh,Vu,binh.vu@example.com,d97bbc9eb4,823 Le Loi,Can Tho,CT,461256
657,Minh,Ly,minh.ly@example.com,4cff555dbf,789 Pham Van Dong,Hue,HUE,220189
658,Dung,Phan,dung.phan@example.com,e431a2f5a1,152 Le Loi,Can Tho,CT,792181
659,Phong,Dang,phong.dang@example.com,dc8e14f7ed,579 Pham Van Dong,Da Nang,DN,743482
660,Ngoc,Duong,ngoc.duong@example.com,7d6bca7f8f,959 Tran Phu,Hai Phong,HP,250830
661,Nam,Do,nam.do@example.com,b4f86a683e,609 Hoang Hoa Tham,Hue,HUE,932753
662,Phong,Hoang,phong.hoang@example.com,ed5b1b4092,929 Hoang Hoa Tham,Ha Noi,HN,929259
663,Duong,Huynh,duong.huynh@example.com,1dd48888b5,77 Le Loi,Ha Noi,HN,588095
664,Binh,Hoang,binh.hoang@example.com,8568ba852f,279 Nguyen Trai,Hue,HUE,249752
665,Phong,Ngo,phong.ngo@example.com,eec7fab4dd,764 Hoang Hoa Tham,Nghe An,NA,659348
666,Minh,Tran,minh.tran@example.com,632fc5e020,815 Tran Phu,Ha Nam,HN1,840128
667,Hung,Do,hung.do@example.com,e3b05ccb08,386 Le Loi,Ho Chi Minh,HCM,518402
668,Dung,Do,dung.do@example.com,edffff5eb9,217 Pham Van Dong,Ho Chi Minh,HCM,856317
669,Quynh,Le,quynh.le@example.com,6a3e99e84c,132 Nguyen Trai,Thanh Hoa,TH,331576
670,Dung,Le,dung.le@example.com,d3ab64c526,608 Nguyen Trai,Nghe An,NA,419296
671,Viet,Hoang,viet.hoang@example.com,2196a32cfa,599 Pham Van Dong,Hue,HUE,153591
672,Chau,Dang,chau.dang@example.com,dc6267d169,789 Hoang Hoa Tham,Nam Dinh,ND,217349
673,Thao,Bui,thao.bui@example.com,be73761599,819 Tran Phu,Nam Dinh,ND,654966
674,Linh,Dang,linh.dang@example.com,bbade2b95b,857 Nguyen Trai,Nghe An,NA,322790
675,Ha,Hoang,ha.hoang@example.com,e23715e6a9,472 Hoang Hoa Tham,Da Nang,DN,255598
676,Phong,Huynh,phong.huynh@example.com,2c4705d6e1,112 Pham Van Dong,Thanh Hoa,TH,825448
677,Thao,Huynh,thao.huynh@example.com,db2d652bae,302 Nguyen Trai,Nghe An,NA,214927
678,Son,Bui,son.bui@example.com,e99d9635c3,937 Hoang Hoa Tham,Ho Chi Minh,HCM,678999
679,Linh,Dang,linh.dang@example.com,adc7c1b2b3,955 Nguyen Trai,Ho Chi Minh,HCM,117332
680,Anh,Nguyen,anh.nguyen@example.com,ed68d4075f,264 Pham Van Dong,Nghe An,NA,102318
681,Linh,Hoang,linh.hoang@example.com,2f7e83dfe7,782 Le Loi,Ha Noi,HN,111016
682,Viet,Pham,viet.pham@example.com,ae22dca43a,906 Nguyen Trai,Ha Noi,HN,790379
683,Chau,Vu,chau.vu@example.com,6ca956062a,569 Le Loi,Ha Nam,HN1,427625
684,Phong,Do,phong.do@example.com,80c5629d50,349 Pham Van Dong,Ha Nam,HN1,501168
685,Thanh,Le,thanh.le@example.com,8e8384eb57,552 Nguyen Trai,Ha Noi,HN,177651
686,Viet,Huynh,viet.huynh@example.com,f4311025e0,61 Tran Phu,Hue,HUE,483242
687,Dung,Ly,dung.ly@example.com,af0f515c99,902 Tran Phu,Ho Chi Minh,HCM,483301
688,Minh,Phan,minh.phan@example.com,fafe94d55d,790 Nguyen Trai,Ho Chi Minh,HCM,216425
689,Van,Ho,van.ho@example.com,ebc8e9271f,200 Hoang Hoa Tham,Da Nang,DN,737787
690,Dung,Huynh,dung.huynh@example.com,958ef9ace3,966 Nguyen Trai,Can Tho,CT,905678
691,Son,Dang,son.dang@example.com,af70764282,788 Tran Phu,Thanh Hoa,TH,574469
692,Quang,Pham,quang.pham@example.com,c62ddbfcb8,144 Tran Phu,Hue,HUE,683303
693,Binh,Tran,binh.tran@example.com,c7a0d56c17,65 Nguyen Trai,Thanh Hoa,TH,788055
694,Tung,Tran,tung.tran@example.com,6d698ce3b8,246 Hoang Hoa Tham,Hue,HUE,897187
695,Van,Ho,van.ho@example.com,c88d7710a9,250 Tran Phu,Thanh Hoa,TH,223849
696,Duong,Tran,duong.tran@example.com,c3a21f1409,230 Tran Phu,Ho Chi Minh,HCM,242791
697,Thanh,Do,thanh.do@example.com,9b1195c685,931 Hoang Hoa Tham,Nghe An,NA,583755
698,Viet,Do,viet.do@example.com,f534012229,774 Le Loi,Nghe An,NA,123002
699,Quynh,Pham,quynh.pham@example.com,a83721b7dc,966 Nguyen Trai,Ha Nam,HN1,962048
700,Chau,Le,chau.le@example.com,2bf89894c9,8 Nguyen Trai,Hai Phong,HP,791727
701,Nam,Dang,nam.dang@example.com,ce9e25f623,129 Nguyen Trai,Can Tho,CT,920003
702,Van,Phan,van.phan@example.com,d7553f98cc,176 Nguyen Trai,Da Nang,DN,909125
703,Nam,Hoang,nam.hoang@example.com,1022f844fe,336 Nguyen Trai,Ha Nam,HN1,378717
704,Tung,Duong,tung.duong@example.com,8ce8e23bf3,993 Nguyen Trai,Ho Chi Minh,HCM,136233
705,Anh,Nguyen,anh.nguyen@example.com,b6730325a6,702 Nguyen Trai,Can Tho,CT,779264
706,Tung,Vu,tung.vu@example.com,bd77079ccc,525 Hoang Hoa Tham,Thanh Hoa,TH,165187
707,Thanh,Do,thanh.do@example.com,540bb03f8d,14 Le Loi,Ha Nam,HN1,380644
708,Hung,Phan,hung.phan@example.com,c109ef7175,694 Le Loi,Can Tho,CT,282872
709,Ha,Pham,ha.pham@example.com,8715f9a372,491 Le Loi,Hue,HUE,437073
710,Quynh,Tran,quynh.tran@example.com,30790351ec,120 Tran Phu,Can Tho,CT,178072
711,Binh,Tran,binh.tran@example.com,6f9f765561,10 Nguyen Trai,Da Nang,DN,635561
712,Viet,Dang,viet.dang@example.com,f7eefe2c9b,549 Pham Van Dong,Can Tho,CT,972253
713,Tung,Do,tung.do@example.com,e35b0d425b,359 Pham Van Dong,Hai Phong,HP,869411
714,Dung,Ngo,dung.ngo@example.com,2b84c80912,468 Nguyen Trai,Nam Dinh,ND,173044
715,Viet,Do,viet.do@example.com,7c346ac184,412 Nguyen Trai,Thanh Hoa,TH,109344
716,Minh,Tran,minh.tran@example.com,074a129448,550 Le Loi,Can Tho,CT,926358
717,Hung,Duong,hung.duong@example.com,e0fa3236b1,923 Tran Phu,Nam Dinh,ND,903658
718,Hung,Ho,hung.ho@example.com,deb1c39b54,138 Hoang Hoa Tham,Nam Dinh,ND,215255
719,Nam,Le,nam.le@example.com,7b6c15438d,598 Hoang Hoa Tham,Ha Nam,HN1,872249
720,Thanh,Duong,thanh.duong@example.com,4023cf32f9,107 Tran Phu,Da Nang,DN,228024
721,Hai,Vu,hai.vu@example.com,36c8759cdb,242 Nguyen Trai,Ha Noi,HN,260823
722,Thao,Le,thao.le@example.com,37cca20ea4,300 Nguyen Trai,Hue,HUE,111239
723,Trang,Ho,trang.ho@example.com,314752ed06,482 Tran Phu,Ha Nam,HN1,625656
724,Viet,Tran,viet.tran@example.com,55718e8ac9,536 Tran Phu,Ha Nam,HN1,425464
725,Chau,Ho,chau.ho@example.com,dc404f6c1e,754 Tran Phu,Ha Noi,HN,536605
726,Linh,Huynh,linh.huynh@example.com,dac54d6b18,310 Pham Van Dong,Can Tho,CT,201295
727,Phong,Do,phong.do@example.com,232ee169ea,986 Le Loi,Thanh Hoa,TH,239320
728,Nam,Ngo,nam.ngo@example.com,05400ba1b5,231 Tran Phu,Can Tho,CT,370948
729,Chau,Bui,chau.bui@example.com,94e81e54a7,250 Le Loi,Nghe An,NA,852883
730,Trang,Vu,trang.vu@example.com,2e2c0ed082,865 Tran Phu,Nghe An,NA,321209
731,Nam,Hoang,nam.hoang@example.com,b4dabf2603,973 Tran Phu,Nghe An,NA,694298
732,Son,Nguyen,son.nguyen@example.com,445288459e,400 Hoang Hoa Tham,Can Tho,CT,468065
733,Anh,Huynh,anh.huynh@example.com,a2a506c927,416 Nguyen Trai,Ha Nam,HN1,800752
734,Ha,Dang,ha.dang@example.com,6386f68cee,954 Hoang Hoa Tham,Da Nang,DN,380203
735,Phong,Pham,phong.pham@example.com,84fb6e4105,132 Le Loi,Ho Chi Minh,HCM,320491
736,Duong,Duong,duong.duong@example.com,b30a2e4058,978 Hoang Hoa Tham,Ho Chi Minh,HCM,460943
737,Chau,Pham,chau.pham@example.com,25def17051,529 Le Loi,Da Nang,DN,845755
738,Thanh,Pham,thanh.pham@example.com,fd4ed3fda4,433 Pham Van Dong,Thanh Hoa,TH,377846
739,Dung,Pham,dung.pham@example.com,cf608e25cb,585 Le Loi,Ho Chi Minh,HCM,485577
740,Ngoc,Hoang,ngoc.hoang@example.com,5f62296339,353 Le Loi,Nam Dinh,ND,458200
741,Thao,Dang,thao.dang@example.com,036baf0053,942 Hoang Hoa Tham,Can Tho,CT,125243
742,Ngoc,Ly,ngoc.ly@example.com,b2d1960d14,495 Hoang Hoa Tham,Da Nang,DN,800542
743,Linh,Vu,linh.vu@example.com,413c0577d6,253 Le Loi,Ho Chi Minh,HCM,257651
744,Anh,Pham,anh.pham@example.com,6c23f06191,723 Le Loi,Can Tho,CT,479222
745,Viet,Pham,viet.pham@example.com,2777c2f0ff,733 Pham Van Dong,Nam Dinh,ND,300015
746,Tung,Tran,tung.tran@example.com,b4d43514df,569 Le Loi,Thanh Hoa,TH,407238
747,Ngoc,Huynh,ngoc.huynh@example.com,0de6f8891c,359 Nguyen Trai,Nghe An,NA,614801
748,Linh,Nguyen,linh.nguyen@example.com,4f1fc742cf,222 Pham Van Dong,Da Nang,DN,305015
749,Ha,Tran,ha.tran@example.com,0cb2929d5a,866 Hoang Hoa Tham,Can Tho,CT,488554
750,Ha,Do,ha.do@example.com,16216475c2,202 Tran Phu,Nam Dinh,ND,929341
751,Viet,Vu,viet.vu@example.com,f0bf0aa99d,329 Tran Phu,Can Tho,CT,886775
752,Ha,Ngo,ha.ngo@example.com,3e2096ab8d,368 Le Loi,Ho Chi Minh,HCM,860360
753,Dung,Tran,dung.tran@example.com,d024beb2c3,298 Tran Phu,Can Tho,CT,384716
754,Ha,Duong,ha.duong@example.com,d22135e0a0,192 Nguyen Trai,Ha Noi,HN,306238
755,Ha,Duong,ha.duong@example.com,9b05a0dbdd,536 Nguyen Trai,Da Nang,DN,656670
756,Nam,Hoang,nam.hoang@example.com,83acc501f2,506 Nguyen Trai,Hue,HUE,614489
757,Tung,Tran,tung.tran@example.com,76ad48f3a2,858 Le Loi,Ha Noi,HN,519634
758,Ngoc,Do,ngoc.do@example.com,f71b3f7688,926 Nguyen Trai,Da Nang,DN,748765
759,Ngoc,Ly,ngoc.ly@example.com,9a93ef94a2,144 Le Loi,Ha Nam,HN1,394320
760,Van,Vu,van.vu@example.com,9b76ac39a8,260 Le Loi,Ha Nam,HN1,654117
761,Thanh,Le,thanh.le@example.com,3448590286,758 Le Loi,Nam Dinh,ND,511363
762,Binh,Do,binh.do@example.com,2ca83100d4,608 Nguyen Trai,Da Nang,DN,900154
763,Son,Ly,son.ly@example.com,caea9dda24,667 Pham Van Dong,Thanh Hoa,TH,436104
764,Duong,Tran,duong.tran@example.com,3f9997408c,78 Le Loi,Thanh Hoa,TH,158672
765,Dung,Tran,dung.tran@example.com,04e59ec154,876 Nguyen Trai,Ho Chi Minh,HCM,676866
766,Chau,Le,chau.le@example.com,682aa52f44,60 Nguyen Trai,Ho Chi Minh,HCM,923034
767,Minh,Dang,minh.dang@example.com,1378f928e8,65 Hoang Hoa Tham,Ha Noi,HN,590813
768,Trang,Bui,trang.bui@example.com,9338d5c233,74 Nguyen Trai,Hue,HUE,740296
769,Binh,Ho,binh.ho@example.com,a1d7730a8f,45 Pham Van Dong,Ho Chi Minh,HCM,995625
770,Dung,Huynh,dung.huynh@example.com,66a095503a,148 Tran Phu,Ho Chi Minh,HCM,905514
771,Ngoc,Do,ngoc.do@example.com,6bdd3dbe49,185 Le Loi,Nam Dinh,ND,620593
772,Linh,Dang,linh.dang@example.com,6399d9ad12,641 Pham Van Dong,Da Nang,DN,465491
773,Tung,Ly,tung.ly@example.com,6d3472381f,941 Nguyen Trai,Hue,HUE,562734
774,Hai,Dang,hai.dang@example.com,17a8dfc42d,833 Le Loi,Nam Dinh,ND,299273
775,Duong,Tran,duong.tran@example.com,bf3ad351d2,63 Pham Van Dong,Ha Noi,HN,881319
776,Binh,Dang,binh.dang@example.com,3e37862208,11 Pham Van Dong,Nghe An,NA,193776
777,Van,Ngo,van.ngo@example.com,9a63610438,766 Tran Phu,Da Nang,DN,145817
778,Tung,Dang,tung.dang@example.com,cab0126381,141 Pham Van Dong,Ha Noi,HN,587403
779,Ngoc,Vu,ngoc.vu@example.com,3fa7f42ade,281 Le Loi,Ho Chi Minh,HCM,562789
780,Dung,Pham,dung.pham@example.com,6e3cdd3ab7,132 Pham Van Dong,Hue,HUE,650912
781,Duong,Nguyen,duong.nguyen@example.com,3e8d0cc67b,857 Pham Van Dong,Nghe An,NA,996747
782,Anh,Hoang,anh.hoang@example.com,f58204484f,70 Hoang Hoa Tham,Hue,HUE,175575
783,Dung,Vu,dung.vu@example.com,73b1fe5f0d,686 Nguyen Trai,Thanh Hoa,TH,388566
784,Dung,Phan,dung.phan@example.com,32de75d1ba,277 Tran Phu,Ha Nam,HN1,379149
785,Son,Vu,son.vu@example.com,ec6d909f6c,557 Nguyen Trai,Nam Dinh,ND,844013
786,Binh,Duong,binh.duong@example.com,9a0c251966,49 Tran Phu,Ho Chi Minh,HCM,227820
787,Trang,Vu,trang.vu@example.com,568fb8ecdf,391 Pham Van Dong,Ha Noi,HN,504108
788,Son,Huynh,son.huynh@example.com,4490203759,674 Nguyen Trai,Nam Dinh,ND,778376
789,Thanh,Hoang,thanh.hoang@example.com,9dbd5c893b,230 Pham Van Dong,Thanh Hoa,TH,856731
790,Quang,Dang,quang.dang@example.com,8bc514bb2c,205 Pham Van Dong,Nam Dinh,ND,808392
791,Tung,Dang,tung.dang@example.com,677e7c84f5,61 Tran Phu,Nghe An,NA,817015
792,Tung,Ngo,tung.ngo@example.com,411dfa8a7b,895 Hoang Hoa Tham,Hai Phong,HP,672627
793,Dung,Hoang,dung.hoang@example.com,d8a8dcc45a,33 Le Loi,Da Nang,DN,226640
794,Phong,Do,phong.do@example.com,6f8b0cb38d,76 Tran Phu,Hai Phong,HP,971122
795,Hai,Bui,hai.bui@example.com,372c025078,339 Hoang Hoa Tham,Hue,HUE,802341
796,Linh,Ho,linh.ho@example.com,af5bce93c4,132 Hoang Hoa Tham,Hai Phong,HP,924645
797,Hung,Bui,hung.bui@example.com,43c80cacb3,78 Tran Phu,Ha Nam,HN1,584519
798,Phong,Tran,phong.tran@example.com,e97f4ce3f7,88 Le Loi,Thanh Hoa,TH,787259
799,Quynh,Ngo,quynh.ngo@example.com,7c5831da8f,939 Tran Phu,Nam Dinh,ND,205515
800,Viet,Pham,viet.pham@example.com,1bb1a75290,422 Tran Phu,Hai Phong,HP,588008
801,Van,Vu,van.vu@example.com,b230611dcb,24 Nguyen Trai,Nghe An,NA,438325
802,Son,Bui,son.bui@example.com,8a5c9a7465,975 Le Loi,Ha Nam,HN1,557131
803,Trang,Nguyen,trang.nguyen@example.com,f4f8697088,139 Nguyen Trai,Ha Noi,HN,554738
804,Minh,Ho,minh.ho@example.com,765d53b2b0,892 Le Loi,Hue,HUE,336793
805,Hung,Nguyen,hung.nguyen@example.com,16c2c33122,259 Hoang Hoa Tham,Nghe An,NA,728299
806,Duong,Ho,duong.ho@example.com,16b06c21d2,382 Hoang Hoa Tham,Ho Chi Minh,HCM,187417
807,Hung,Bui,hung.bui@example.com,897f82894d,562 Le Loi,Da Nang,DN,504919
808,Tung,Phan,tung.phan@example.com,531232e815,303 Hoang Hoa Tham,Hue,HUE,344401
809,Ngoc,Nguyen,ngoc.nguyen@example.com,6a1084d237,502 Tran Phu,Can Tho,CT,768376
810,Hung,Duong,hung.duong@example.com,3711df3501,827 Pham Van Dong,Ho Chi Minh,HCM,244492
811,Phong,Bui,phong.bui@example.com,e31fc66163,881 Pham Van Dong,Hue,HUE,947886
812,Binh,Hoang,binh.hoang@example.com,3df12429fd,383 Hoang Hoa Tham,Ho Chi Minh,HCM,732013
813,Hai,Phan,hai.phan@example.com,12cd352fca,306 Tran Phu,Hai Phong,HP,109081
814,Ngoc,Ly,ngoc.ly@example.com,443df35c24,143 Pham Van Dong,Ha Nam,HN1,354429
815,Binh,Nguyen,binh.nguyen@example.com,23210b6a23,426 Hoang Hoa Tham,Ha Nam,HN1,163715
816,Viet,Nguyen,viet.nguyen@example.com,25d3634a32,599 Pham Van Dong,Ha Nam,HN1,710185
817,Hung,Vu,hung.vu@example.com,3c247d9b8f,322 Tran Phu,Hai Phong,HP,432654
818,Quang,Pham,quang.pham@example.com,5d47b785d0,997 Hoang Hoa Tham,Ho Chi Minh,HCM,311509
819,Minh,Dang,minh.dang@example.com,353e859c9c,883 Tran Phu,Hue,HUE,261542
820,Dung,Do,dung.do@example.com,f1448cadb2,487 Le Loi,Can Tho,CT,272895
821,Quang,Pham,quang.pham@example.com,e3581c497a,848 Hoang Hoa Tham,Thanh Hoa,TH,382846
822,Phong,Duong,phong.duong@example.com,b909185858,508 Pham Van Dong,Da Nang,DN,658026
823,Hai,Ngo,hai.ngo@example.com,bcc3e3f291,392 Hoang Hoa Tham,Ho Chi Minh,HCM,334319
824,Tung,Ho,tung.ho@example.com,1fae3b626e,240 Nguyen Trai,Can Tho,CT,246246
825,Dung,Huynh,dung.huynh@example.com,0ebd461d4d,855 Nguyen Trai,Nghe An,NA,438401
826,Dung,Hoang,dung.hoang@example.com,15c71e0709,59 Pham Van Dong,Ho Chi Minh,HCM,183022
827,Quynh,Nguyen,quynh.nguyen@example.com,a7d6405b94,201 Hoang Hoa Tham,Ha Nam,HN1,643937
828,Duong,Do,duong.do@example.com,2be3c7e844,624 Le Loi,Nam Dinh,ND,156685
829,Linh,Do,linh.do@example.com,1c3c0e305a,25 Pham Van Dong,Nghe An,NA,391066
830,Trang,Ly,trang.ly@example.com,d1919ec8e2,384 Hoang Hoa Tham,Hue,HUE,476610
831,Phong,Ly,phong.ly@example.com,c83488caa6,786 Nguyen Trai,Nam Dinh,ND,601400
832,Hai,Tran,hai.tran@example.com,29f57e747a,105 Hoang Hoa Tham,Da Nang,DN,331092
833,Quang,Ho,quang.ho@example.com,9e5c2ce4f0,708 Tran Phu,Ho Chi Minh,HCM,718023
834,Anh,Hoang,anh.hoang@example.com,3222abb1a0,120 Tran Phu,Ha Noi,HN,270736
835,Thao,Hoang,thao.hoang@example.com,45f017ca8a,351 Pham Van Dong,Ho Chi Minh,HCM,185894
836,Quang,Dang,quang.dang@example.com,6db9641caf,637 Le Loi,Ha Noi,HN,442938
837,Hung,Duong,hung.duong@example.com,c8d6a4c5bf,460 Nguyen Trai,Ho Chi Minh,HCM,724900
838,Son,Pham,son.pham@example.com,200e25b7a0,827 Le Loi,Nghe An,NA,887675
839,Viet,Ly,viet.ly@example.com,1c1a3a7997,741 Tran Phu,Thanh Hoa,TH,603889
840,Dung,Ho,dung.ho@example.com,4aca3c0f94,806 Tran Phu,Ha Nam,HN1,277986
841,Anh,Tran,anh.tran@example.com,725a433f22,159 Hoang Hoa Tham,Ho Chi Minh,HCM,207037
842,Son,Dang,son.dang@example.com,8efb11555c,286 Tran Phu,Can Tho,CT,193156
843,Linh,Bui,linh.bui@example.com,a95da8236c,100 Nguyen Trai,Nam Dinh,ND,202722
844,Quynh,Le,quynh.le@example.com,fd6e56b8b6,598 Le Loi,Da Nang,DN,359982
845,Phong,Hoang,phong.hoang@example.com,63373b9bf5,702 Hoang Hoa Tham,Hue,HUE,762414
846,Thao,Le,thao.le@example.com,a1a61524b2,185 Pham Van Dong,Ha Noi,HN,994475
847,Ngoc,Bui,ngoc.bui@example.com,bea7643f79,230 Le Loi,Nam Dinh,ND,557121
848,Son,Bui,son.bui@example.com,4b37bf7fe7,158 Le Loi,Thanh Hoa,TH,836095
849,Quynh,Ho,quynh.ho@example.com,b107e0177d,664 Hoang Hoa Tham,Thanh Hoa,TH,801462
850,Chau,Nguyen,chau.nguyen@example.com,4d13f83fce,849 Tran Phu,Da Nang,DN,471377
851,Binh,Bui,binh.bui@example.com,a81784ec10,661 Pham Van Dong,Nghe An,NA,969338
852,Linh,Ly,linh.ly@example.com,664229ddb9,284 Hoang Hoa Tham,Nam Dinh,ND,831899
853,Quang,Hoang,quang.hoang@example.com,6ab15328e9,937 Tran Phu,Nam Dinh,ND,632614
854,Chau,Duong,chau.duong@example.com,f2b78cb3ee,479 Tran Phu,Nam Dinh,ND,298243
855,Hai,Tran,hai.tran@example.com,fce85d22ce,823 Nguyen Trai,Can Tho,CT,717481
856,Ha,Huynh,ha.huynh@example.com,6658414fc0,65 Le Loi,Hue,HUE,475620
857,Hung,Vu,hung.vu@example.com,9a6228f416,100 Tran Phu,Can Tho,CT,540486
858,Nam,Bui,nam.bui@example.com,f587a75bcd,615 Le Loi,Ha Noi,HN,419711
859,Minh,Tran,minh.tran@example.com,f413f3ccec,208 Le Loi,Nghe An,NA,854050
860,Linh,Dang,linh.dang@example.com,6dbe34b478,856 Tran Phu,Nam Dinh,ND,900815
861,Viet,Pham,viet.pham@example.com,75e8d45ebb,35 Tran Phu,Ha Nam,HN1,643516
862,Phong,Ly,phong.ly@example.com,088eec4c08,280 Pham Van Dong,Thanh Hoa,TH,444678
863,Phong,Dang,phong.dang@example.com,c9a91e286d,358 Tran Phu,Hue,HUE,172318
864,Thanh,Le,thanh.le@example.com,6c95660f0e,658 Le Loi,Ho Chi Minh,HCM,268512
865,Linh,Do,linh.do@example.com,54dfd324e9,840 Hoang Hoa Tham,Can Tho,CT,175985
866,Minh,Duong,minh.duong@example.com,fcb0de94ad,794 Tran Phu,Ha Nam,HN1,507273
867,Anh,Ho,anh.ho@example.com,f76897738e,195 Le Loi,Ha Noi,HN,801999
868,Hai,Hoang,hai.hoang@example.com,2f2deadf73,745 Le Loi,Hai Phong,HP,518840
869,Hung,Do,hung.do@example.com,5416dba758,233 Nguyen Trai,Ho Chi Minh,HCM,904680
870,Chau,Duong,chau.duong@example.com,cea77ca9c7,807 Tran Phu,Hue,HUE,741111
871,Minh,Do,minh.do@example.com,6335c4ce7c,703 Nguyen Trai,Thanh Hoa,TH,762625
872,Van,Ly,van.ly@example.com,7cf7f827ad,434 Hoang Hoa Tham,Ha Noi,HN,696789
873,Dung,Dang,dung.dang@example.com,0de83af8ed,473 Nguyen Trai,Ha Nam,HN1,321880
874,Thao,Ho,thao.ho@example.com,4901a38b6d,298 Nguyen Trai,Hai Phong,HP,589194
875,Dung,Duong,dung.duong@example.com,555cfb55c0,217 Tran Phu,Hai Phong,HP,778870
876,Quang,Tran,quang.tran@example.com,e96d3ce343,940 Tran Phu,Ho Chi Minh,HCM,768762
877,Binh,Ngo,binh.ngo@example.com,cf09355f04,555 Nguyen Trai,Can Tho,CT,569059
878,Ha,Le,ha.le@example.com,8a014374bf,999 Hoang Hoa Tham,Da Nang,DN,682107
879,Hai,Do,hai.do@example.com,2d4d9fb87f,31 Hoang Hoa Tham,Ha Noi,HN,225296
880,Ngoc,Tran,ngoc.tran@example.com,bce4ebfb16,279 Tran Phu,Can Tho,CT,335303
881,Chau,Dang,chau.dang@example.com,1b2bbed59f,519 Tran Phu,Thanh Hoa,TH,705530
882,Son,Vu,son.vu@example.com,e0f0090da7,563 Pham Van Dong,Ho Chi Minh,HCM,491325
883,Anh,Huynh,anh.huynh@example.com,d20b7ac557,343 Pham Van Dong,Ha Noi,HN,176404
884,Son,Tran,son.tran@example.com,46de0dde36,973 Hoang Hoa Tham,Hue,HUE,457245
885,Hung,Ly,hung.ly@example.com,c708af4960,616 Hoang Hoa Tham,Hue,HUE,185079
886,Quang,Le,quang.le@example.com,1774793f28,441 Tran Phu,Ho Chi Minh,HCM,289088
887,Van,Do,van.do@example.com,883897b2a6,750 Tran Phu,Ho Chi Minh,HCM,634301
888,Anh,Ho,anh.ho@example.com,d30e0424ac,720 Pham Van Dong,Hue,HUE,828456
889,Phong,Le,phong.le@example.com,52628d9034,222 Hoang Hoa Tham,Da Nang,DN,794422
890,Ha,Nguyen,ha.nguyen@example.com,f538abfca8,73 Hoang Hoa Tham,Nam Dinh,ND,813006
891,Dung,Ho,dung.ho@example.com,9b9525e8e1,697 Tran Phu,Hai Phong,HP,959927
892,Viet,Ly,viet.ly@example.com,622bb1206e,264 Tran Phu,Hue,HUE,590212
893,Ngoc,Do,ngoc.do@example.com,d8e29f15bd,405 Tran Phu,Da Nang,DN,346199
894,Linh,Pham,linh.pham@example.com,a69720a0e8,908 Nguyen Trai,Hai Phong,HP,174642
895,Viet,Le,viet.le@example.com,2e218c1189,300 Nguyen Trai,Da Nang,DN,142831
896,Hai,Le,hai.le@example.com,a8b135d69a,656 Tran Phu,Ha Nam,HN1,880752
897,Trang,Nguyen,trang.nguyen@example.com,96390395a8,596 Pham Van Dong,Can Tho,CT,671104
898,Hung,Duong,hung.duong@example.com,8cffd7079d,265 Tran Phu,Nghe An,NA,647982
899,Dung,Duong,dung.duong@example.com,7e0e6fc474,857 Pham Van Dong,Ha Nam,HN1,471791
900,Viet,Huynh,viet.huynh@example.com,d16474233a,192 Nguyen Trai,Thanh Hoa,TH,696894
901,Quynh,Dang,quynh.dang@example.com,6fa33abdc2,71 Hoang Hoa Tham,Thanh Hoa,TH,331257
902,Viet,Huynh,viet.huynh@example.com,9185b541cb,848 Le Loi,Can Tho,CT,844635
903,Ha,Dang,ha.dang@example.com,0c622e8c00,436 Tran Phu,Nam Dinh,ND,834160
904,Ha,Bui,ha.bui@example.com,594c1781cb,259 Nguyen Trai,Can Tho,CT,434039
905,Hai,Vu,hai.vu@example.com,25a36a3fad,918 Pham Van Dong,Nghe An,NA,473497
906,Ngoc,Ho,ngoc.ho@example.com,6e2a09a767,383 Nguyen Trai,Nghe An,NA,647587
907,Chau,Phan,chau.phan@example.com,240647fd18,483 Pham Van Dong,Hue,HUE,691580
908,Hung,Le,hung.le@example.com,9c37d671b1,183 Pham Van Dong,Ha Nam,HN1,446809
909,Duong,Do,duong.do@example.com,148e4d506e,314 Le Loi,Hai Phong,HP,693445
910,Son,Nguyen,son.nguyen@example.com,0c986a48ef,634 Tran Phu,Ha Nam,HN1,560419
911,Anh,Huynh,anh.huynh@example.com,7f3737325f,326 Tran Phu,Hue,HUE,919938
912,Van,Nguyen,van.nguyen@example.com,2330f9e73e,234 Tran Phu,Ho Chi Minh,HCM,900571
913,Hung,Tran,hung.tran@example.com,58e2b2a8b5,127 Pham Van Dong,Hue,HUE,666793
914,Linh,Le,linh.le@example.com,d33a62b056,865 Hoang Hoa Tham,Hue,HUE,301674
915,Phong,Vu,phong.vu@example.com,68c254cea3,119 Tran Phu,Ha Nam,HN1,985408
916,Son,Vu,son.vu@example.com,580aa9ada5,31 Tran Phu,Thanh Hoa,TH,253636
917,Quynh,Duong,quynh.duong@example.com,29851ac386,580 Pham Van Dong,Nam Dinh,ND,450173
918,Hai,Le,hai.le@example.com,02be6ff7de,203 Nguyen Trai,Da Nang,DN,714908
919,Binh,Dang,binh.dang@example.com,096de7ed7e,895 Le Loi,Ha Noi,HN,477519
920,Quang,Tran,quang.tran@example.com,a4641b9966,757 Tran Phu,Da Nang,DN,196614
921,Hai,Nguyen,hai.nguyen@example.com,3cec55f767,977 Pham Van Dong,Hue,HUE,521811
922,Minh,Dang,minh.dang@example.com,0697558c9f,541 Pham Van Dong,Nghe An,NA,581378
923,Viet,Dang,viet.dang@example.com,08694b128c,97 Nguyen Trai,Hue,HUE,698249
924,Thanh,Pham,thanh.pham@example.com,8b790893e3,276 Hoang Hoa Tham,Hai Phong,HP,983456
925,Trang,Duong,trang.duong@example.com,027455ca10,824 Hoang Hoa Tham,Da Nang,DN,403641
926,Quang,Nguyen,quang.nguyen@example.com,00f9af5483,548 Hoang Hoa Tham,Can Tho,CT,919503
927,Binh,Nguyen,binh.nguyen@example.com,27af47eded,956 Tran Phu,Da Nang,DN,699436
928,Quynh,Tran,quynh.tran@example.com,8320ba1dc3,679 Le Loi,Nam Dinh,ND,552332
929,Duong,Vu,duong.vu@example.com,f7dc7a1c2d,424 Le Loi,Ho Chi Minh,HCM,298064
930,Minh,Vu,minh.vu@example.com,c402026056,393 Tran Phu,Can Tho,CT,949727
931,Linh,Le,linh.le@example.com,7c17014441,376 Pham Van Dong,Nghe An,NA,260795
932,Thanh,Duong,thanh.duong@example.com,b883ea054b,280 Hoang Hoa Tham,Can Tho,CT,585271
933,Hung,Bui,hung.bui@example.com,a4257297c6,213 Nguyen Trai,Ho Chi Minh,HCM,784279
934,Thao,Bui,thao.bui@example.com,16e7b3457c,967 Tran Phu,Nam Dinh,ND,890295
935,Thanh,Ly,thanh.ly@example.com,c69f04f57f,58 Tran Phu,Nghe An,NA,855100
936,Minh,Duong,minh.duong@example.com,58fcd9d3f8,185 Pham Van Dong,Hue,HUE,482740
937,Hai,Le,hai.le@example.com,66b6e65fee,334 Le Loi,Can Tho,CT,236719
938,Anh,Duong,anh.duong@example.com,5e5d13db3f,299 Nguyen Trai,Ha Nam,HN1,602983
939,Tung,Nguyen,tung.nguyen@example.com,afe37e38ea,466 Nguyen Trai,Can Tho,CT,467686
940,Hung,Duong,hung.duong@example.com,c6915f5131,659 Tran Phu,Nam Dinh,ND,196882
941,Duong,Bui,duong.bui@example.com,ac959a23f9,964 Le Loi,Ha Nam,HN1,301800
942,Son,Huynh,son.huynh@example.com,8839d52bb9,971 Pham Van Dong,Da Nang,DN,762068
943,Binh,Ngo,binh.ngo@example.com,8542b80ec3,91 Pham Van Dong,Hai Phong,HP,861925
944,Binh,Le,binh.le@example.com,6d909816b2,780 Nguyen Trai,Ha Noi,HN,613119
945,Van,Ho,van.ho@example.com,8805e74d7d,813 Le Loi,Can Tho,CT,262158
946,Van,Vu,van.vu@example.com,047f47efb5,555 Tran Phu,Ha Nam,HN1,190988
947,Duong,Ly,duong.ly@example.com,e4c38f2984,688 Pham Van Dong,Ha Nam,HN1,609965
948,Tung,Ho,tung.ho@example.com,a38d0f8cc9,325 Nguyen Trai,Nam Dinh,ND,421498
949,Hung,Bui,hung.bui@example.com,31f866e28c,605 Tran Phu,Hai Phong,HP,963630
950,Thanh,Vu,thanh.vu@example.com,574eb34ac6,975 Tran Phu,Thanh Hoa,TH,490531
951,Quang,Nguyen,quang.nguyen@example.com,3f04d6e64d,365 Le Loi,Ha Noi,HN,205497
952,Son,Vu,son.vu@example.com,3e6199aa40,163 Pham Van Dong,Da Nang,DN,571956
953,Van,Vu,van.vu@example.com,a4226cb315,738 Tran Phu,Ha Nam,HN1,467780
954,Chau,Duong,chau.duong@example.com,074c7706ca,896 Nguyen Trai,Can Tho,CT,461405
955,Dung,Le,dung.le@example.com,f35420cce1,972 Pham Van Dong,Hai Phong,HP,784749
956,Phong,Do,phong.do@example.com,2ed13b3a84,857 Tran Phu,Hai Phong,HP,987992
957,Dung,Dang,dung.dang@example.com,c31208bb75,366 Tran Phu,Can Tho,CT,427046
958,Viet,Do,viet.do@example.com,0c4b3056a4,418 Le Loi,Hue,HUE,132360
959,Quang,Do,quang.do@example.com,41889c327e,411 Tran Phu,Can Tho,CT,797274
960,Dung,Nguyen,dung.nguyen@example.com,3bb806fd37,200 Tran Phu,Hue,HUE,157738
961,Viet,Vu,viet.vu@example.com,39fd775caa,870 Pham Van Dong,Can Tho,CT,699848
962,Minh,Tran,minh.tran@example.com,c6539b65a3,545 Le Loi,Da Nang,DN,503583
963,Duong,Hoang,duong.hoang@example.com,10a70820fd,311 Hoang Hoa Tham,Can Tho,CT,467834
964,Ha,Dang,ha.dang@example.com,0a4bfe9fd2,673 Pham Van Dong,Ha Nam,HN1,998673
965,Quynh,Hoang,quynh.hoang@example.com,dbc62f4626,993 Pham Van Dong,Da Nang,DN,920123
966,Quynh,Le,quynh.le@example.com,440b0e0b0d,621 Hoang Hoa Tham,Ho Chi Minh,HCM,314291
967,Son,Phan,son.phan@example.com,dc24b297b2,617 Le Loi,Hue,HUE,803606
968,Linh,Duong,linh.duong@example.com,1d581e636a,26 Le Loi,Ha Nam,HN1,874173
969,Van,Dang,van.dang@example.com,478cb7b836,106 Le Loi,Hue,HUE,633700
970,Thao,Ly,thao.ly@example.com,4f5573f052,161 Hoang Hoa Tham,Can Tho,CT,168154
971,Viet,Dang,viet.dang@example.com,97b6aab039,47 Le Loi,Nghe An,NA,489615
972,Phong,Ly,phong.ly@example.com,166712b8f3,811 Pham Van Dong,Ha Noi,HN,428488
973,Thanh,Le,thanh.le@example.com,f06bd1ba1b,125 Tran Phu,Hai Phong,HP,660599
974,Linh,Huynh,linh.huynh@example.com,4b2d0cb797,771 Le Loi,Nghe An,NA,315485
975,Thao,Le,thao.le@example.com,c59e355a64,150 Tran Phu,Nam Dinh,ND,291600
976,Ha,Pham,ha.pham@example.com,02687fdd33,384 Hoang Hoa Tham,Hue,HUE,697026
977,Trang,Do,trang.do@example.com,5ba83e8174,628 Tran Phu,Hue,HUE,524322
978,Thanh,Bui,thanh.bui@example.com,55ca8527be,913 Pham Van Dong,Thanh Hoa,TH,977175
979,Nam,Ngo,nam.ngo@example.com,520a18adaa,602 Le Loi,Da Nang,DN,731838
980,Anh,Ngo,anh.ngo@example.com,d53fb54546,906 Tran Phu,Hue,HUE,120533
981,Thao,Vu,thao.vu@example.com,20c5f305e4,429 Tran Phu,Nghe An,NA,898520
982,Trang,Huynh,trang.huynh@example.com,80033a1a15,766 Hoang Hoa Tham,Can Tho,CT,102846
983,Quynh,Tran,quynh.tran@example.com,225e4ee2ba,731 Hoang Hoa Tham,Hue,HUE,247637
984,Trang,Duong,trang.duong@example.com,d4fd4fe880,169 Tran Phu,Da Nang,DN,365604
985,Linh,Vu,linh.vu@example.com,c345236798,506 Le Loi,Can Tho,CT,656662
986,Quynh,Le,quynh.le@example.com,b098abe247,440 Pham Van Dong,Ho Chi Minh,HCM,481104
987,Tung,Ngo,tung.ngo@example.com,d5f2f0f4ad,12 Nguyen Trai,Hue,HUE,681853
988,Tung,Huynh,tung.huynh@example.com,f00a92ce4a,358 Hoang Hoa Tham,Thanh Hoa,TH,889883
989,Duong,Dang,duong.dang@example.com,9d0ef03141,493 Le Loi,Thanh Hoa,TH,435841
990,Ha,Pham,ha.pham@example.com,c78b864a2a,564 Pham Van Dong,Ho Chi Minh,HCM,824798
991,Quang,Duong,quang.duong@example.com,64e7de7edd,714 Le Loi,Nam Dinh,ND,393064
992,Hai,Le,hai.le@example.com,392f543f09,206 Le Loi,Ha Nam,HN1,844106
993,Ngoc,Hoang,ngoc.hoang@example.com,4a917fb07d,252 Tran Phu,Ha Noi,HN,554428
994,Tung,Nguyen,tung.nguyen@example.com,7c7f9778d0,875 Le Loi,Hai Phong,HP,423152
995,Minh,Duong,minh.duong@example.com,6e09ccd315,169 Le Loi,Can Tho,CT,996790
996,Duong,Tran,duong.tran@example.com,9ed3e5dd16,558 Tran Phu,Nghe An,NA,285202
997,Linh,Le,linh.le@example.com,e956a8f19a,434 Nguyen Trai,Thanh Hoa,TH,968450
998,Hung,Phan,hung.phan@example.com,6a5d863f1f,442 Hoang Hoa Tham,Hai Phong,HP,755630
999,Hai,Do,hai.do@example.com,8310dd1934,483 Le Loi,Ha Nam,HN1,973659
1000,Quynh,Hoang,quynh.hoang@example.com,e5397a030a,486 Hoang Hoa Tham,Ha Nam,HN1,251547
