InvoiceNo,StockCode,Description,Quantity,InvoiceDate,UnitPrice,CustomerID,Country
INV1000,,Product 0,20,2024-01-04,99.85,66714,Germany
INV1000,,Product 0-1,10,2024-01-04,99.85,66714,Germany
INV1001,STK802,Product 1,15,2024-11-26,81.42,61694,France
INV1002,,Product 2,18,2024-09-24,89.16,32208,France
INV1002,,Product 2-2,15,2024-09-24,89.16,32208,France
INV1003,,Product 3,5,2024-09-14,68.33,72547,UK
INV1004,,Product 4,8,2024-05-02,56.4,63055,USA
INV1005,STK712,Product 5,19,2024-12-09,22.49,95488,France
INV1006,STK202,Product 6,19,2024-01-18,7.98,21604,Canada
INV1007,,Product 7,1,2024-10-18,18.85,33373,USA
INV1008,STK392,Product 8,6,2024-02-15,12.96,83153,Canada
INV1009,,Product 9,11,2024-01-22,18.22,77728,UK
INV1010,STK109,Product 10,8,2024-09-17,73.69,33574,Germany
INV1011,STK378,Product 11,3,2024-10-27,81.49,13805,Canada
INV1012,,Product 12,19,2024-04-10,6.21,78185,Germany
INV1013,,Product 13,17,2024-06-24,28.37,43593,Canada
INV1014,STK148,Product 14,8,2024-12-24,99.38,86711,USA
INV1015,,Product 15,18,2024-02-03,72.25,13832,Australia
INV1016,STK690,Product 16,18,2024-01-20,38.65,89533,Australia
INV1017,,Product 17,10,2024-07-14,66.11,56038,Germany
INV1018,STK141,Product 18,14,2024-04-12,75.06,64290,UK
INV1019,STK873,Product 19,4,2024-04-07,17.36,33638,Australia
INV1020,STK120,Product 20,8,2024-02-21,86.97,63537,Canada
INV1021,STK216,Product 21,2,2024-06-21,50.45,72141,UK
INV1022,,Product 22,12,2024-04-05,85.3,94499,Australia
INV1023,,Product 23,7,2024-04-27,45.77,15539,UK
INV1024,STK758,Product 24,14,2024-03-11,23.24,14143,Germany
INV1025,STK659,Product 25,1,2024-12-09,59.62,11929,Australia
INV1026,STK191,Product 26,4,2024-10-14,31.39,22314,Australia
INV1027,STK583,Product 27,14,2024-10-17,92.53,43860,Canada
INV1028,,Product 28,14,2024-04-03,64.57,35548,UK
INV1029,STK955,Product 29,9,2024-08-12,44.71,47352,UK
INV1030,STK855,Product 30,18,2024-12-04,37.5,81623,Germany
INV1031,STK646,Product 31,8,2024-05-08,91.9,94912,Australia
INV1032,,Product 32,20,2024-03-17,84.3,54992,Canada
INV1033,STK323,Product 33,2,2024-05-19,57.15,84420,Canada
INV1034,STK631,Product 34,11,2024-10-03,98.11,43918,USA
INV1035,,Product 35,14,2024-07-09,68.03,30348,Canada
INV1036,,Product 36,11,2024-08-12,97.31,55216,France
INV1037,STK328,Product 37,1,2024-08-26,11.72,77723,Canada
INV1038,STK605,Product 38,12,2024-11-04,45.95,69034,UK
INV1039,STK285,Product 39,13,2024-04-14,58.45,47621,France
INV1040,,Product 40,3,2024-09-09,18.43,82439,France
INV1041,STK239,Product 41,2,2024-12-22,91.76,87533,France
INV1042,,Product 42,14,2024-06-05,88.83,11609,Australia
INV1043,,Product 43,8,2024-09-23,35.87,88003,UK
INV1044,,Product 44,8,2024-06-27,35.57,94094,Canada
INV1045,STK998,Product 45,11,2024-09-09,41.56,48774,France
INV1046,STK456,Product 46,19,2024-02-21,37.37,65968,USA
INV1047,STK597,Product 47,13,2024-08-27,55.44,88534,France
INV1048,STK700,Product 48,9,2024-12-07,98.97,14361,Germany
INV1049,,Product 49,14,2024-01-10,22.85,61295,Germany
INV1050,,Product 50,4,2024-02-12,42.56,48337,France
INV1051,STK300,Product 51,11,2024-10-12,63.34,75968,France
INV1052,,Product 52,11,2024-04-11,56.64,84341,Australia
INV1053,,Product 53,14,2024-02-22,45.11,68149,Australia
INV1054,STK812,Product 54,13,2024-05-08,19.29,92021,Australia
INV1055,STK543,Product 55,1,2024-05-28,97.38,69501,UK
INV1056,STK456,Product 56,6,2024-05-01,96.2,55508,UK
INV1057,STK910,Product 57,20,2024-09-17,6.72,61770,Canada
INV1058,STK291,Product 58,13,2024-03-12,68.33,17066,UK
INV1059,,Product 59,4,2024-05-13,28.47,55204,Australia
INV1060,STK558,Product 60,12,2024-03-16,70.08,64153,UK
INV1061,STK307,Product 61,10,2024-09-17,38.01,31156,France
INV1062,,Product 62,19,2024-02-27,76.52,21223,UK
INV1063,STK437,Product 63,18,2024-09-22,46.6,39838,Canada
INV1064,,Product 64,19,2024-03-10,6.37,35483,Canada
INV1065,,Product 65,7,2024-03-08,26.28,69735,USA
INV1066,STK545,Product 66,1,2024-01-14,39.38,13444,France
INV1067,,Product 67,13,2024-12-06,90.15,36172,Germany
INV1068,STK576,Product 68,3,2024-06-22,22.6,11948,France
INV1069,STK647,Product 69,18,2024-02-15,53.33,67225,Canada
INV1070,,Product 70,9,2024-12-04,37.31,38163,Canada
INV1071,STK852,Product 71,11,2024-02-03,40.21,89639,Germany
INV1072,,Product 72,6,2024-08-27,75.57,10753,USA
INV1073,STK221,Product 73,1,2024-10-13,97.38,44824,USA
INV1074,,Product 74,7,2024-11-17,8.29,53728,Australia
INV1075,STK938,Product 75,4,2024-09-09,88.95,56144,Australia
INV1076,STK641,Product 76,19,2024-06-06,31.42,74578,UK
INV1077,,Product 77,7,2024-06-01,59.59,78516,France
INV1078,STK706,Product 78,15,2024-07-02,85.42,49717,UK
INV1079,,Product 79,12,2024-11-13,18.26,99646,USA
INV1080,,Product 80,17,2024-06-10,10.52,65141,USA
INV1081,,Product 81,7,2024-08-19,23.24,55124,Australia
INV1082,STK265,Product 82,6,2024-09-03,63.86,31052,France
INV1083,STK939,Product 83,3,2024-07-12,49.89,56899,UK
INV1084,STK560,Product 84,18,2024-10-02,95.36,78354,Australia
INV1085,STK404,Product 85,11,2024-03-19,22.23,92024,France
INV1086,,Product 86,17,2024-03-13,28.33,70058,USA
INV1087,,Product 87,15,2024-12-09,14.67,35512,Germany
INV1088,STK189,Product 88,16,2024-04-10,13.46,51346,Australia
INV1089,STK240,Product 89,15,2024-07-09,27.39,65359,Canada
INV1090,STK209,Product 90,13,2024-03-01,14.37,91062,UK
INV1091,,Product 91,8,2024-01-04,91.69,24649,France
INV1092,,Product 92,3,2024-10-20,7.81,90094,Australia
INV1093,,Product 93,1,2024-08-19,54.82,82172,Australia
INV1094,STK401,Product 94,11,2024-11-02,97.38,33389,Australia
INV1095,STK660,Product 95,1,2024-11-13,85.14,64663,Germany
INV1096,STK524,Product 96,16,2024-03-09,80.82,87104,UK
INV1097,,Product 97,18,2024-05-20,24.62,64568,UK
INV1098,,Product 98,10,2024-06-23,81.7,95571,USA
INV1099,STK414,Product 99,12,2024-07-08,16.91,97157,USA
